RNA	Len	OF3_Baseline	OF3_MSAv5	OF3_Best	Boltz2_Best	Winner	Delta
1NBS	150	25.34	11.26	11.26	7.09	BOLTZ	-4.17
1P5P	77	22.45	3.42	3.42	4.23	OF3	+0.82
1P5O	77	22.57	3.81	3.81	3.94	TIE	+0.13
1G1X	44	18.39	17.76	17.76	18.74	OF3	+0.98
1U9S	155	14.72	22.24	14.72	13.06	BOLTZ	-1.66
1HMH	34	11.39	6.87	6.87	14.13	OF3	+7.26
3G8T	141	11.03	12.34	11.03	2.80	BOLTZ	-8.23
1A1T	20	1.45	1.68	1.45	2.13	OF3	+0.68
1U6P	101	11.63	12.02	11.63	14.72	OF3	+3.08
1XJR	47	12.11	8.08	8.08	2.56	BOLTZ	-5.52
1RMN	49	10.78	10.82	10.78	11.70	OF3	+0.92
1M5V	92	8.18	8.80	8.18	9.45	OF3	+1.28
1M5P	92	8.17	8.82	8.17	9.23	OF3	+1.06
1M5K	92	8.20	11.67	8.20	9.62	OF3	+1.42
1FOQ	109	9.09	8.10	8.10	13.33	OF3	+5.23
1S9S	101	8.88	8.74	8.74	14.13	OF3	+5.39
1C2X	120	10.15	10.33	10.15	10.18	TIE	+0.03
1P6V	45	8.14	7.89	7.89	4.15	BOLTZ	-3.74
1KH6	48	5.94	5.91	5.91	13.12	OF3	+7.21
1E7K	17	8.98	0.94	0.94	9.78	OF3	+8.84
1J2B	77	9.04	11.20	9.04	9.50	TIE	+0.46
1AUD	30	8.12	8.86	8.12	6.93	BOLTZ	-1.18
