RNA	Len	Baseline	MSA	TB	Both
1NBS	150	25.336	16.209	18.387	14.652
1P5P	77	22.452	3.540	11.142	3.565
1P5O	77	22.570	4.183	10.841	4.169
1G1X	44	18.395	17.179	18.457	17.367
1U9S	155	14.724	28.879	8.697	28.805
1HMH	34	11.391	14.386	11.481	14.390
3G8T	141	11.025	11.294	15.485	11.266
1A1T	20	1.445	1.966	4.021	1.913
1U6P	101	11.634	10.176	14.373	10.126
1XJR	47	12.109	7.933	8.909	7.922
1RMN	49	10.780	10.942	10.328	10.943
1M5V	92	8.178	10.288	12.341	10.446
1M5P	92	8.173	10.304	12.380	10.449
1M5K	92	8.198	10.771	12.355	11.089
1FOQ	109	9.091	8.739	15.886	8.932
1S9S	101	8.877	8.590	11.845	8.517
1C2X	120	10.147	9.514	18.313	9.610
1P6V	45	8.144	8.361	8.027	8.376
1KH6	48	5.939	7.147	6.954	7.101
1E7K	17	8.977	0.851	2.840	4.524
1J2B	77	9.036	11.905	7.492	11.910
1AUD	30	8.118	8.929	8.559	8.917
