RNA	Length	Baseline_RMSD	Aware_MSA_RMSD	Delta	Winner
1JTJ	23	3.370	2.413	-0.957	AWARE
1KKA	17	2.727	3.760	+1.033	BASELINE
1KKS	24	1.698	1.768	+0.070	BASELINE
1KOG	37	3.813	3.825	+0.012	BASELINE
1KP7	30	0.875	1.466	+0.591	BASELINE
1KXK	70	6.072	6.201	+0.129	BASELINE
1L1C	29	1.696	1.283	-0.413	AWARE
1L1W	29	0.659	0.632	-0.027	AWARE
1L8V	157	3.793	14.297	+10.504	BASELINE
1L9A	126	4.317	2.968	-1.349	AWARE
1LDZ	30	3.102	3.304	+0.202	BASELINE
1LNG	97	1.777	1.646	-0.131	AWARE
1LU3	17	0.691	0.645	-0.046	AWARE
1LUU	17	2.168	2.567	+0.399	BASELINE
1LUX	17	1.801	2.360	+0.559	BASELINE
1LVJ	31	2.149	3.089	+0.940	BASELINE
1M5L	38	2.436	2.693	+0.257	BASELINE
1M82	25	0.977	1.005	+0.028	BASELINE
1ME1	12	2.455	2.493	+0.038	BASELINE
1MFK	23	1.262	1.228	-0.034	AWARE
1MFY	31	1.882	2.024	+0.142	BASELINE
1MJI	34	3.743	5.039	+1.296	BASELINE
1MNB	28	2.420	2.318	-0.102	AWARE
1MNX	42	2.341	2.104	-0.237	AWARE
1MSY	27	0.724	0.749	+0.025	BASELINE
1MT4	24	0.421	0.449	+0.028	BASELINE
1N66	22	0.891	0.956	+0.065	BASELINE
1N8X	36	1.124	1.228	+0.104	BASELINE
1NA2	30	0.871	1.453	+0.582	BASELINE
1NBK	34	1.442	1.298	-0.144	AWARE
1NBR	29	1.364	1.667	+0.303	BASELINE
1NC0	24	1.040	1.440	+0.400	BASELINE
1NEM	23	1.981	1.656	-0.325	AWARE
1NYB	24	0.613	0.649	+0.036	BASELINE
1NYI	24	7.753	7.735	-0.018	AWARE
1O15	34	1.546	2.192	+0.646	BASELINE
1OB5	76	2.101	2.111	+0.010	BASELINE
1OLN	58	5.269	5.491	+0.222	BASELINE
1OOA	29	3.980	3.657	-0.323	AWARE
1OQ0	15	1.628	1.833	+0.205	BASELINE
1OW9	23	0.987	1.012	+0.025	BASELINE
1P5M	55	3.365	3.798	+0.433	BASELINE
1PJY	22	0.896	0.870	-0.026	AWARE
1Q29	24	7.804	7.866	+0.062	BASELINE
1Q75	15	0.896	0.891	-0.005	AWARE
1Q8N	38	4.073	5.262	+1.189	BASELINE
1Q93	27	0.317	0.328	+0.011	BASELINE
1Q96	27	0.281	0.281	+0.000	TIE
1QC8	25	1.841	1.792	-0.049	AWARE
1QD3	29	2.530	2.899	+0.369	BASELINE
1QF6	76	4.004	3.930	-0.074	AWARE
1QFQ	15	0.812	1.093	+0.281	BASELINE
1QU2	75	2.769	2.765	-0.004	AWARE
1QU3	75	2.734	2.734	+0.000	TIE
1QWA	21	1.128	1.368	+0.240	BASELINE
1QWB	26	3.542	3.334	-0.208	AWARE
1QZW	47	3.205	3.150	-0.055	AWARE
1R2P	34	2.905	4.040	+1.135	BASELINE
1R3E	17	2.047	2.052	+0.005	BASELINE
1R4H	10	0.551	0.658	+0.107	BASELINE
1R7W	34	2.414	1.798	-0.616	AWARE
1R7Z	34	1.962	2.981	+1.019	BASELINE
1RAW	37	5.010	5.140	+0.130	BASELINE
1RFR	30	1.247	1.505	+0.258	BASELINE
1RHT	24	2.834	3.220	+0.386	BASELINE
1RKJ	21	4.770	4.854	+0.084	BASELINE
1RLG	25	0.668	0.613	-0.055	AWARE
1ROQ	14	0.439	0.437	-0.002	AWARE
1RY1	128	2.048	2.921	+0.873	BASELINE
1S03	47	2.587	2.481	-0.106	AWARE
1S2F	23	0.850	1.082	+0.232	BASELINE
1S34	23	1.504	1.410	-0.094	AWARE
1SCL	29	4.682	4.749	+0.067	BASELINE
1SJF	74	6.518	4.816	-1.702	AWARE
1SLO	19	1.093	1.144	+0.051	BASELINE
1SLP	19	1.022	1.275	+0.253	BASELINE
1SYZ	24	2.340	2.559	+0.219	BASELINE
1SZ1	76	2.397	2.590	+0.193	BASELINE
1T28	34	3.414	3.319	-0.095	AWARE
1T4L	32	4.906	4.709	-0.197	AWARE
1TBK	17	1.443	1.615	+0.172	BASELINE
1TFN	24	1.391	1.278	-0.113	AWARE
1TJZ	22	1.335	1.355	+0.020	BASELINE
1TLR	23	1.840	1.648	-0.192	AWARE
1TOB	27	2.008	1.731	-0.277	AWARE
1TXS	38	2.166	2.407	+0.241	BASELINE
1U0B	74	5.193	5.268	+0.075	BASELINE
1U1Y	17	3.581	2.541	-1.040	AWARE
1U2A	20	1.043	1.183	+0.140	BASELINE
1U3K	38	3.941	4.326	+0.385	BASELINE
1U63	49	2.765	3.633	+0.868	BASELINE
1U6B	197	6.341	7.825	+1.484	BASELINE
1ULL	35	2.556	2.417	-0.139	AWARE
1UN6	61	1.426	2.746	+1.320	BASELINE
1URN	21	2.165	2.589	+0.424	BASELINE
1UTS	29	4.434	4.596	+0.162	BASELINE
1UUD	29	2.579	2.846	+0.267	BASELINE
1UUI	29	2.641	2.733	+0.092	BASELINE
1UUU	19	0.917	1.389	+0.472	BASELINE
1VBZ	73	6.295	4.740	-1.555	AWARE
1VC5	70	2.345	3.225	+0.880	BASELINE
1VFG	34	1.627	1.747	+0.120	BASELINE
1VOP	13	0.406	0.392	-0.014	AWARE
1WKS	17	0.403	0.432	+0.029	BASELINE
1WSU	22	1.264	1.062	-0.202	AWARE
1WTT	14	1.570	1.633	+0.063	BASELINE
1WZ2	88	4.125	4.059	-0.066	AWARE
1XPF	23	2.987	3.597	+0.610	BASELINE
1XSG	27	0.758	0.687	-0.071	AWARE
1XSH	27	1.108	1.211	+0.103	BASELINE
1XSU	27	0.557	0.542	-0.015	AWARE
1XWP	15	0.576	0.570	-0.006	AWARE
1XWU	16	0.578	0.586	+0.008	BASELINE
1Y26	71	1.163	2.772	+1.609	BASELINE
1Y27	66	0.866	1.310	+0.444	BASELINE
1Y39	58	5.645	6.003	+0.358	BASELINE
1YFG	75	3.514	3.946	+0.432	BASELINE
1YKV	38	11.942	11.976	+0.034	BASELINE
1YLG	31	1.837	2.916	+1.079	BASELINE
1YN1	17	1.008	0.969	-0.039	AWARE
1YN2	17	0.609	0.759	+0.150	BASELINE
1YNC	31	1.527	2.306	+0.779	BASELINE
1YNE	31	3.267	3.075	-0.192	AWARE
1YNG	31	1.386	1.395	+0.009	BASELINE
1YSH	101	9.601	12.253	+2.652	BASELINE
1Z2J	45	1.571	1.663	+0.092	BASELINE
1Z30	18	0.338	0.308	-0.030	AWARE
1Z31	32	0.800	0.805	+0.005	BASELINE
1Z43	101	1.510	1.718	+0.208	BASELINE
1ZBH	16	0.802	0.926	+0.124	BASELINE
1ZBN	28	2.991	3.300	+0.309	BASELINE
1ZC5	41	0.723	0.705	-0.018	AWARE
1ZHO	38	2.811	3.941	+1.130	BASELINE
1ZJW	74	5.351	5.391	+0.040	BASELINE
1ZO3	76	1.271	1.429	+0.158	BASELINE
1ZZN	197	6.356	8.286	+1.930	BASELINE
28SR	28	1.457	1.454	-0.003	AWARE
2A9L	38	4.947	5.724	+0.777	BASELINE
2A9X	28	2.109	2.042	-0.067	AWARE
2AB4	20	2.001	2.057	+0.056	BASELINE
2AHT	27	1.134	1.588	+0.454	BASELINE
2AKE	72	3.610	3.628	+0.018	BASELINE
2ANR	25	2.774	2.841	+0.067	BASELINE
2AU4	42	5.996	6.387	+0.391	BASELINE
2AZX	72	1.763	1.631	-0.132	AWARE
2B2D	9	2.549	2.606	+0.057	BASELINE
2B57	65	1.289	3.206	+1.917	BASELINE
2B63	31	3.191	3.493	+0.302	BASELINE
2B6G	19	0.941	0.880	-0.061	AWARE
2B7G	19	0.701	0.690	-0.011	AWARE
2B8S	23	2.844	3.389	+0.545	BASELINE
2BH2	30	9.738	7.308	-2.430	AWARE
2BS0	12	1.315	2.637	+1.322	BASELINE
2BTE	78	3.871	4.054	+0.183	BASELINE
2BYT	78	3.346	3.667	+0.321	BASELINE
2C50	14	2.836	2.796	-0.040	AWARE
2C51	15	1.739	1.728	-0.011	AWARE
2CD1	27	1.178	1.210	+0.032	BASELINE
2CD6	27	0.887	0.766	-0.121	AWARE
2CSX	75	3.489	3.471	-0.018	AWARE
2CT8	74	3.199	3.353	+0.154	BASELINE
2CV2	75	4.390	4.167	-0.223	AWARE
2CZJ	62	8.178	8.380	+0.202	BASELINE
2D1B	39	1.746	1.808	+0.062	BASELINE
2D6F	74	3.579	3.224	-0.355	AWARE
2DER	74	2.582	2.984	+0.402	BASELINE
2DET	70	2.294	3.228	+0.934	BASELINE
2DEU	75	9.944	10.671	+0.727	BASELINE
2DR2	75	4.043	4.017	-0.026	AWARE
2DR5	32	1.966	1.989	+0.023	BASELINE
2DR7	33	1.519	1.363	-0.156	AWARE
2DU3	71	2.923	3.120	+0.197	BASELINE
2DU4	71	2.924	2.963	+0.039	BASELINE
2DU5	71	2.831	2.995	+0.164	BASELINE
2DU6	71	2.789	2.926	+0.137	BASELINE
2DVI	34	2.015	1.901	-0.114	AWARE
2EES	68	1.307	1.840	+0.533	BASELINE
2EET	68	1.099	1.858	+0.759	BASELINE
2EEU	68	1.274	1.793	+0.519	BASELINE
2EEV	68	1.080	3.022	+1.942	BASELINE
2EEW	68	1.163	2.280	+1.117	BASELINE
2ES5	23	1.174	1.284	+0.110	BASELINE
2EUY	34	5.216	3.600	-1.616	AWARE
2EVY	14	0.769	0.682	-0.087	AWARE
2F87	12	0.340	0.331	-0.009	AWARE
2F88	34	1.729	1.771	+0.042	BASELINE
2FDT	36	1.001	1.358	+0.357	BASELINE
2FEY	43	2.143	2.930	+0.787	BASELINE
2FK6	53	2.722	4.665	+1.943	BASELINE
2FMT	77	3.078	3.102	+0.024	BASELINE
2FY1	21	2.142	2.258	+0.116	BASELINE
2G1G	17	2.296	2.716	+0.420	BASELINE
2GDI	78	2.464	2.490	+0.026	BASELINE
2GIO	29	0.410	0.569	+0.159	BASELINE
2GIP	28	0.495	0.522	+0.027	BASELINE
2GIS	95	2.851	2.850	-0.001	AWARE
2GO5	127	1.922	3.564	+1.642	BASELINE
2GRW	22	1.062	1.500	+0.438	BASELINE
2GV3	22	2.099	2.183	+0.084	BASELINE
2GV4	22	0.863	0.820	-0.043	AWARE
2GVO	18	0.805	0.708	-0.097	AWARE
2HEM	24	0.925	1.645	+0.720	BASELINE
2HGH	55	2.717	2.824	+0.107	BASELINE
2HNS	22	0.626	1.219	+0.593	BASELINE
2HO7	123	6.359	13.506	+7.147	BASELINE
2HOJ	79	3.032	8.846	+5.814	BASELINE
2HOK	78	7.424	7.292	-0.132	AWARE
2HOL	79	2.967	8.852	+5.885	BASELINE
2HOM	80	19.040	3.171	-15.869	AWARE
2HOO	83	3.384	3.600	+0.216	BASELINE
2HOP	76	7.278	3.524	-3.754	AWARE
2HUA	40	2.534	2.307	-0.227	AWARE
2HW8	36	3.041	3.445	+0.404	BASELINE
2I7E	43	2.459	2.651	+0.192	BASELINE
2I7Z	43	3.256	3.361	+0.105	BASELINE
2IHX	75	11.592	9.809	-1.783	AWARE
2IL9	135	36.704	37.278	+0.574	BASELINE
2IXY	27	1.046	1.369	+0.323	BASELINE
2IY5	76	4.050	4.189	+0.139	BASELINE
2IZ8	16	2.116	1.806	-0.310	AWARE
2IZM	13	1.296	2.120	+0.824	BASELINE
2IZN	15	2.481	2.664	+0.183	BASELINE
2JPP	20	2.773	2.729	-0.044	AWARE
2JQ7	58	5.201	5.416	+0.215	BASELINE
2JR4	17	0.534	0.549	+0.015	BASELINE
2JSE	22	1.275	1.497	+0.222	BASELINE
2JSG	17	0.992	1.018	+0.026	BASELINE
2JTP	34	1.916	2.401	+0.485	BASELINE
2JUK	22	1.143	1.241	+0.098	BASELINE
2JWV	29	0.797	0.916	+0.119	BASELINE
2JXV	33	0.964	0.900	-0.064	AWARE
2JYH	43	4.038	4.154	+0.116	BASELINE
2JYM	22	0.604	1.866	+1.262	BASELINE
2K4C	76	2.968	3.027	+0.059	BASELINE
2K5Z	29	1.268	1.741	+0.473	BASELINE
2K63	29	2.829	2.771	-0.058	AWARE
2K95	48	2.763	2.699	-0.064	AWARE
2KD8	22	0.668	0.815	+0.147	BASELINE
2KDQ	29	3.838	3.885	+0.047	BASELINE
2KE6	48	3.809	3.971	+0.162	BASELINE
2KF0	24	1.220	1.135	-0.085	AWARE
2KGP	25	1.657	1.538	-0.119	AWARE
2KHY	38	4.399	4.206	-0.193	AWARE
2KMJ	28	2.217	2.077	-0.140	AWARE
2KPC	17	0.737	0.729	-0.008	AWARE
2KPD	17	0.838	0.652	-0.186	AWARE
2KPV	34	1.461	1.693	+0.232	BASELINE
2KRL	102	19.286	17.429	-1.857	AWARE
2KRP	17	0.978	0.843	-0.135	AWARE
2KRZ	17	1.226	1.515	+0.289	BASELINE
2KTZ	38	2.909	2.667	-0.242	AWARE
2KU0	38	3.091	3.228	+0.137	BASELINE
2KUR	48	3.963	4.452	+0.489	BASELINE
2KUU	48	3.808	4.070	+0.262	BASELINE
2KUV	48	4.114	4.504	+0.390	BASELINE
2KUW	48	1.646	3.438	+1.792	BASELINE
2KVN	17	0.689	0.830	+0.141	BASELINE
2KX5	29	3.652	4.014	+0.362	BASELINE
2KX8	42	1.331	1.297	-0.034	AWARE
2KZL	55	6.129	5.687	-0.442	AWARE
2L1F	66	9.762	6.694	-3.068	AWARE
2L2K	42	0.959	1.287	+0.328	BASELINE
2L3C	34	0.699	0.764	+0.065	BASELINE
2L3E	35	1.522	1.471	-0.051	AWARE
2L3J	71	4.177	4.423	+0.246	BASELINE
2L5Z	26	1.212	1.116	-0.096	AWARE
2L6I	16	0.629	0.587	-0.042	AWARE
2L8H	29	3.660	4.401	+0.741	BASELINE
2L94	45	2.619	2.609	-0.010	AWARE
2LA5	36	1.333	5.683	+4.350	BASELINE
2LAC	17	0.971	0.842	-0.129	AWARE
2LBJ	17	1.088	1.031	-0.057	AWARE
2LBK	17	0.614	0.594	-0.020	AWARE
2LBL	17	0.576	0.638	+0.062	BASELINE
2LBQ	17	1.472	1.294	-0.178	AWARE
2LBS	32	3.920	3.795	-0.125	AWARE
2LC8	56	5.894	6.945	+1.051	BASELINE
2LDL	27	1.207	1.456	+0.249	BASELINE
2LDT	31	2.241	2.111	-0.130	AWARE
2LDZ	30	2.411	2.492	+0.081	BASELINE
2LHP	37	1.588	2.082	+0.494	BASELINE
2LJJ	27	1.100	1.263	+0.163	BASELINE
2LK3	24	0.568	0.730	+0.162	BASELINE
2LKR	111	22.021	13.174	-8.847	AWARE
2LP9	16	0.442	0.348	-0.094	AWARE
2LPA	15	0.244	0.211	-0.033	AWARE
2LPS	34	1.428	1.379	-0.049	AWARE
2LPT	34	0.893	0.997	+0.104	BASELINE
2LQZ	27	1.537	1.865	+0.328	BASELINE
2LU0	49	4.436	4.236	-0.200	AWARE
2LUB	37	1.070	1.020	-0.050	AWARE
2LUN	28	1.618	1.816	+0.198	BASELINE
2LUP	32	4.803	4.656	-0.147	AWARE
2LV0	24	1.004	1.036	+0.032	BASELINE
2LWK	32	1.500	0.970	-0.530	AWARE
2M12	23	2.215	1.741	-0.474	AWARE
2M21	21	1.044	1.128	+0.084	BASELINE
2M22	23	1.092	1.201	+0.109	BASELINE
2M23	29	3.178	3.184	+0.006	BASELINE
2M24	29	1.995	1.992	-0.003	AWARE
2M4Q	27	1.338	2.222	+0.884	BASELINE
2M4W	17	0.514	0.743	+0.229	BASELINE
2M57	35	2.935	3.024	+0.089	BASELINE
2M58	59	15.763	4.855	-10.908	AWARE
2MEQ	19	0.828	1.643	+0.815	BASELINE
2MER	19	1.308	1.384	+0.076	BASELINE
2MF0	72	13.387	13.495	+0.108	BASELINE
2MFC	22	2.515	2.812	+0.297	BASELINE
2MFD	19	1.136	1.225	+0.089	BASELINE
2MFE	22	2.975	3.042	+0.067	BASELINE
2MFF	21	2.141	2.219	+0.078	BASELINE
2MFG	21	1.940	2.297	+0.357	BASELINE
2MHI	53	7.930	10.167	+2.237	BASELINE
2MIS	26	1.414	1.298	-0.116	AWARE
2MIY	60	7.342	3.148	-4.194	AWARE
2MNC	16	1.169	1.052	-0.117	AWARE
2MQT	68	3.614	3.865	+0.251	BASELINE
2MQV	68	11.397	10.334	-1.063	AWARE
2MS0	71	10.563	10.400	-0.163	AWARE
2MS1	71	9.797	9.704	-0.093	AWARE
2MTJ	47	3.276	9.622	+6.346	BASELINE
2MTK	47	2.722	10.326	+7.604	BASELINE
2MXL	39	3.970	4.238	+0.268	BASELINE
2MXS	27	1.542	1.329	-0.213	AWARE
2N0J	27	1.321	1.535	+0.214	BASELINE
2N0R	23	3.387	3.384	-0.003	AWARE
2N1Q	155	30.063	16.685	-13.378	AWARE
2N2O	23	2.626	3.100	+0.474	BASELINE
2N2P	23	1.484	2.665	+1.181	BASELINE
2N3O	23	1.907	1.636	-0.271	AWARE
2N3Q	62	5.486	6.425	+0.939	BASELINE
2N3R	62	4.795	5.527	+0.732	BASELINE
2N4L	53	1.893	1.923	+0.030	BASELINE
2N6S	36	1.021	0.857	-0.164	AWARE
2N6T	42	1.818	1.420	-0.398	AWARE
2N6W	68	5.083	5.226	+0.143	BASELINE
2N6X	43	3.849	4.167	+0.318	BASELINE
2N7M	92	18.557	12.911	-5.646	AWARE
2N7X	23	1.073	1.965	+0.892	BASELINE
2N82	23	3.483	3.494	+0.011	BASELINE
2N8V	70	6.608	6.807	+0.199	BASELINE
2NBX	108	9.961	12.359	+2.398	BASELINE
2NBY	39	1.446	1.510	+0.064	BASELINE
2NBZ	40	1.608	1.527	-0.081	AWARE
2NC1	67	11.413	12.941	+1.528	BASELINE
2NCI	28	1.995	1.822	-0.173	AWARE
2NOQ	190	8.951	16.025	+7.074	BASELINE
2NQP	71	4.991	4.866	-0.125	AWARE
2NR0	81	3.376	3.063	-0.313	AWARE
2NRE	56	11.996	3.550	-8.446	AWARE
2NUE	46	1.373	1.400	+0.027	BASELINE
2NZ4	141	8.699	11.664	+2.965	BASELINE
2O33	20	0.626	0.643	+0.017	BASELINE
2OEU	42	15.834	15.377	-0.457	AWARE
2OIU	71	8.723	9.113	+0.390	BASELINE
2OJ8	8	0.796	0.842	+0.046	BASELINE
2OM7	96	3.830	4.567	+0.737	BASELINE
2OOM	16	3.826	3.630	-0.196	AWARE
2OZB	33	2.584	2.824	+0.240	BASELINE
2P89	34	9.771	9.812	+0.041	BASELINE
2PCV	35	9.977	11.671	+1.694	BASELINE
2PCW	35	11.264	12.992	+1.728	BASELINE
2PJP	23	1.651	1.412	-0.239	AWARE
2PLY	23	1.638	1.724	+0.086	BASELINE
2PN9	16	3.518	3.237	-0.281	AWARE
2PXE	49	2.667	2.657	-0.010	AWARE
2PXL	47	2.195	2.110	-0.085	AWARE
2PXQ	49	2.443	2.519	+0.076	BASELINE
2PXT	49	2.618	2.837	+0.219	BASELINE
2PXV	49	2.436	2.744	+0.308	BASELINE
2QBZ	153	20.463	9.634	-10.829	AWARE
2QH2	24	1.185	1.693	+0.508	BASELINE
2QH3	23	2.079	2.684	+0.605	BASELINE
2QH4	18	0.831	0.959	+0.128	BASELINE
2QUS	69	1.833	3.866	+2.033	BASELINE
2QUW	57	11.304	12.441	+1.137	BASELINE
2QUX	25	3.542	3.674	+0.132	BASELINE
2QWY	53	4.519	4.439	-0.080	AWARE
2R8S	159	4.104	4.347	+0.243	BASELINE
2RD2	74	5.338	5.378	+0.040	BASELINE
2RLU	19	0.633	0.596	-0.037	AWARE
2RN1	16	2.970	2.258	-0.712	AWARE
2RO2	23	0.482	0.546	+0.064	BASELINE
2RPK	20	0.510	0.610	+0.100	BASELINE
2RVO	34	1.529	1.570	+0.041	BASELINE
2TOB	20	0.754	0.817	+0.063	BASELINE
2TRA	73	1.960	2.075	+0.115	BASELINE
2U2A	20	1.013	0.914	-0.099	AWARE
2V0G	76	3.525	3.970	+0.445	BASELINE
2V3C	96	1.761	1.766	+0.005	BASELINE
2VPL	48	3.461	3.630	+0.169	BASELINE
2W2H	22	2.452	2.026	-0.426	AWARE
2WW9	63	14.529	7.419	-7.110	AWARE
2WWA	63	14.521	7.408	-7.113	AWARE
2WWB	63	14.542	7.449	-7.093	AWARE
2XKV	96	5.302	6.106	+0.804	BASELINE
2XLK	16	1.479	1.440	-0.039	AWARE
2XXA	102	32.664	3.540	-29.124	AWARE
2Y8W	20	5.078	4.848	-0.230	AWARE
2Y8Y	19	5.415	5.366	-0.049	AWARE
2Y95	14	0.734	0.699	-0.035	AWARE
2Y9B	68	25.295	13.308	-11.987	AWARE
2Y9C	68	24.720	23.510	-1.210	AWARE
2Y9D	68	25.234	14.137	-11.097	AWARE
2Y9H	19	1.868	1.609	-0.259	AWARE
2YDH	95	2.938	2.842	-0.096	AWARE
2YGH	95	1.592	1.736	+0.144	BASELINE
2YIE	57	13.875	13.649	-0.226	AWARE
2ZH2	34	2.245	2.208	-0.037	AWARE
2ZH3	34	1.516	1.524	+0.008	BASELINE
2ZH4	34	2.695	2.785	+0.090	BASELINE
2ZH5	34	1.213	1.186	-0.027	AWARE
2ZH8	34	1.990	1.954	-0.036	AWARE
2ZHA	33	1.437	1.317	-0.120	AWARE
2ZHB	34	1.787	1.578	-0.209	AWARE
2ZM5	74	3.209	3.161	-0.048	AWARE
2ZNI	72	4.193	7.036	+2.843	BASELINE
2ZUE	76	4.960	4.835	-0.125	AWARE
2ZUF	76	4.973	4.939	-0.034	AWARE
2ZXU	74	3.215	3.174	-0.041	AWARE
2ZY6	38	4.200	5.088	+0.888	BASELINE
2ZZM	84	3.152	3.263	+0.111	BASELINE
2ZZN	71	3.202	3.487	+0.285	BASELINE
300D	25	6.886	6.866	-0.020	AWARE
359D	25	7.112	7.055	-0.057	AWARE
361D	20	2.117	2.481	+0.364	BASELINE
387D	26	15.918	15.948	+0.030	BASELINE
3A2K	77	2.602	2.547	-0.055	AWARE
3A3A	86	2.152	2.329	+0.177	BASELINE
3ADB	92	3.043	3.567	+0.524	BASELINE
3ADC	92	4.259	4.058	-0.201	AWARE
3ADD	88	2.544	2.509	-0.035	AWARE
3AGV	24	2.267	1.940	-0.327	AWARE
3AKZ	74	4.550	5.028	+0.478	BASELINE
3AL0	74	4.646	5.134	+0.488	BASELINE
3AM1	81	2.115	2.170	+0.055	BASELINE
3AMT	78	3.024	3.012	-0.012	AWARE
3AMU	78	3.119	3.088	-0.031	AWARE
3B0V	73	2.231	2.271	+0.040	BASELINE
3B31	29	2.698	2.594	-0.104	AWARE
3B4A	122	8.207	13.890	+5.683	BASELINE
3B4B	123	9.106	13.175	+4.069	BASELINE
3BBV	76	3.607	3.679	+0.072	BASELINE
3BO2	197	6.381	8.114	+1.733	BASELINE
3BO3	197	6.390	7.893	+1.503	BASELINE
3CUL	92	4.637	3.829	-0.808	AWARE
3CUN	92	5.919	4.866	-1.053	AWARE
3CW6	77	2.363	2.683	+0.320	BASELINE
3D0U	161	1.574	6.760	+5.186	BASELINE
3D0X	161	1.554	7.015	+5.461	BASELINE
3D2V	77	4.215	3.804	-0.411	AWARE
3D2X	77	4.142	3.822	-0.320	AWARE
3DEG	77	2.848	3.142	+0.294	BASELINE
3DH3	22	3.048	2.978	-0.070	AWARE
3DIG	174	1.596	3.079	+1.483	BASELINE
3DIO	174	1.468	3.013	+1.545	BASELINE
3DIQ	173	1.470	2.420	+0.950	BASELINE
3DIZ	174	1.507	2.988	+1.481	BASELINE
3DKN	32	7.020	5.656	-1.364	AWARE
3DS7	68	3.485	4.810	+1.325	BASELINE
3DW6	26	1.699	1.431	-0.268	AWARE
3E5C	52	1.192	5.082	+3.890	BASELINE
3E5F	54	3.963	7.782	+3.819	BASELINE
3EGZ	65	3.842	4.176	+0.334	BASELINE
3EPH	69	2.803	2.948	+0.145	BASELINE
3EPJ	69	2.773	2.913	+0.140	BASELINE
3EPK	69	2.818	2.951	+0.133	BASELINE
3EPL	69	2.850	2.970	+0.120	BASELINE
3F2W	109	1.277	1.555	+0.278	BASELINE
3F2X	107	1.289	1.576	+0.287	BASELINE
3F30	109	1.156	1.441	+0.285	BASELINE
3FOZ	74	3.091	2.929	-0.162	AWARE
3G4M	68	1.094	1.810	+0.716	BASELINE
3G8S	141	8.387	12.278	+3.891	BASELINE
3G96	141	8.633	11.429	+2.796	BASELINE
3G9C	141	7.484	10.436	+2.952	BASELINE
3GCA	33	0.507	2.613	+2.106	BASELINE
3GES	68	1.183	1.791	+0.608	BASELINE
3GX5	95	2.881	2.800	-0.081	AWARE
3HAY	69	10.408	10.323	-0.085	AWARE
3HHN	137	2.427	2.997	+0.570	BASELINE
3HL2	82	9.980	3.497	-6.483	AWARE
3IAB	46	10.950	10.462	-0.488	AWARE
3ICQ	62	3.044	3.261	+0.217	BASELINE
3ID5	34	14.440	11.799	-2.641	AWARE
3IIN	197	6.445	8.143	+1.698	BASELINE
3IQN	95	2.778	2.875	+0.097	BASELINE
3IRW	92	20.692	4.371	-16.321	AWARE
3IVK	128	2.359	4.091	+1.732	BASELINE
3IVN	69	2.178	2.801	+0.623	BASELINE
3IWN	94	3.268	3.733	+0.465	BASELINE
3IZD	151	15.697	16.580	+0.883	BASELINE
3IZZ	118	21.859	24.042	+2.183	BASELINE
3J0D	50	9.631	7.048	-2.583	AWARE
3J0L	112	20.928	15.972	-4.956	AWARE
3J0O	112	19.822	15.971	-3.851	AWARE
3J0P	112	20.733	15.972	-4.761	AWARE
3J0Q	112	21.513	15.970	-5.543	AWARE
3J45	108	3.949	18.211	+14.262	BASELINE
3J46	109	5.053	18.242	+13.189	BASELINE
3J5S	174	24.695	38.073	+13.378	BASELINE
3J5Y	88	2.214	2.814	+0.600	BASELINE
3JB9	111	40.499	26.455	-14.044	AWARE
3JCM	113	26.515	27.498	+0.983	BASELINE
3K0J	87	13.530	2.858	-10.672	AWARE
3KTV	108	2.351	3.446	+1.095	BASELINE
3KTW	96	12.995	20.211	+7.216	BASELINE
3L0U	73	1.372	1.559	+0.187	BASELINE
3L3C	141	8.659	11.446	+2.787	BASELINE
3LA5	71	1.197	3.711	+2.514	BASELINE
3LWO	58	20.493	11.287	-9.206	AWARE
3LWR	58	20.283	11.013	-9.270	AWARE
3LWV	58	20.225	10.977	-9.248	AWARE
3MJA	29	2.548	2.656	+0.108	BASELINE
3MOJ	69	6.034	6.662	+0.628	BASELINE
3MUM	93	21.909	4.772	-17.137	AWARE
3MUR	93	21.713	4.252	-17.461	AWARE
3MUT	93	22.594	4.374	-18.220	AWARE
3MUV	92	3.627	4.196	+0.569	BASELINE
3MXH	93	21.369	4.502	-16.867	AWARE
3NDB	136	2.073	2.360	+0.287	BASELINE
3NKB	64	3.110	7.548	+4.438	BASELINE
3NMU	34	18.414	15.085	-3.329	AWARE
3NPN	51	7.016	5.026	-1.990	AWARE
3NPQ	52	4.400	4.409	+0.009	BASELINE
3NVI	24	3.648	3.652	+0.004	BASELINE
3OIJ	14	3.242	3.327	+0.085	BASELINE
3OIN	14	3.250	3.336	+0.086	BASELINE
3OUY	35	2.816	2.902	+0.086	BASELINE
3OV7	34	1.961	1.886	-0.075	AWARE
3OWI	87	2.871	3.970	+1.099	BASELINE
3OWW	88	2.889	3.484	+0.595	BASELINE
3OWZ	88	2.999	4.236	+1.237	BASELINE
3OX0	88	2.864	3.499	+0.635	BASELINE
3OXB	88	3.633	3.725	+0.092	BASELINE
3OXD	88	3.981	3.278	-0.703	AWARE
3OXE	88	2.868	3.522	+0.654	BASELINE
3OXM	88	2.843	3.515	+0.672	BASELINE
3P22	40	2.585	2.812	+0.227	BASELINE
3P49	169	2.972	3.829	+0.857	BASELINE
3PDR	161	8.055	6.795	-1.260	AWARE
3PHP	23	0.927	0.848	-0.079	AWARE
3Q3Z	77	18.925	7.582	-11.343	AWARE
3Q50	34	0.656	2.616	+1.960	BASELINE
3Q51	32	0.799	2.419	+1.620	BASELINE
3QSY	77	7.727	7.690	-0.037	AWARE
3R1H	130	4.498	4.667	+0.169	BASELINE
3R4F	66	2.261	2.819	+0.558	BASELINE
3R9X	35	10.871	10.870	-0.001	AWARE
3RG5	86	1.404	1.783	+0.379	BASELINE
3RKF	68	1.911	1.813	-0.098	AWARE
3RW6	62	12.614	14.026	+1.412	BASELINE
3SD1	89	2.301	2.730	+0.429	BASELINE
3SD3	89	2.441	2.648	+0.207	BASELINE
3SIU	28	2.766	2.757	-0.009	AWARE
3SKL	67	4.018	3.971	-0.047	AWARE
3SKT	67	4.073	4.031	-0.042	AWARE
3SKW	64	1.694	1.983	+0.289	BASELINE
3SLM	66	1.483	1.852	+0.369	BASELINE
3SLQ	66	1.580	1.912	+0.332	BASELINE
3SN2	29	2.085	2.118	+0.033	BASELINE
3SNP	30	5.211	3.278	-1.933	AWARE
3SUH	101	8.648	8.287	-0.361	AWARE
3SUX	101	8.740	8.355	-0.385	AWARE
3SUY	101	8.878	8.470	-0.408	AWARE
3T4B	84	2.349	2.873	+0.524	BASELINE
3TRA	72	1.981	1.915	-0.066	AWARE
3TRZ	21	4.580	4.306	-0.274	AWARE
3TS0	23	3.507	3.769	+0.262	BASELINE
3TS2	24	6.404	6.404	+0.000	TIE
3TUP	74	2.059	1.933	-0.126	AWARE
3UD3	92	21.542	3.205	-18.337	AWARE
3UMY	80	0.846	1.812	+0.966	BASELINE
3UZS	20	2.930	3.114	+0.184	BASELINE
3V11	76	2.396	2.668	+0.272	BASELINE
3V7E	127	3.613	3.565	-0.048	AWARE
3VRS	52	1.704	12.351	+10.647	BASELINE
3W1K	92	1.848	2.043	+0.195	BASELINE
3W3S	98	1.667	1.922	+0.255	BASELINE
3WC1	73	3.521	2.203	-1.318	AWARE
3WC2	74	1.923	1.930	+0.007	BASELINE
3WFR	75	3.229	3.211	-0.018	AWARE
3WFS	74	2.557	2.551	-0.006	AWARE
