rna	of3_best_rmsd	rmsd_best_rmsd	gap	status
1A4T	0.452	0.379	0.073	different
1A51	3.468	2.167	1.301	different
1A9L	7.586	5.665	1.921	different
1A9N	6.543	5.940	0.603	different
1AFX	1.233	0.877	0.356	different
1AKX	3.069	1.779	1.290	different
1ANR	5.468	4.035	1.433	different
1AQ3	3.167	2.207	0.960	different
1AQ4	3.139	2.194	0.945	different
1AQO	2.856	2.219	0.637	different
1ARJ	5.891	4.713	1.178	different
1ASY	4.247	3.755	0.492	different
1ASZ	3.847	3.379	0.468	different
1ATO	1.245	1.112	0.133	different
1ATV	1.220	0.575	0.645	different
1ATW	2.381	1.848	0.533	different
1AUD	8.444	8.097	0.347	different
1B23	4.147	2.880	1.267	different
1B36	4.793	4.165	0.628	different
1BGZ	2.794	2.030	0.764	different
1BIV	4.859	2.541	2.318	different
1BN0	2.424	1.508	0.916	different
1BVJ	0.738	0.549	0.189	different
1BZ2	1.657	1.200	0.457	different
1BZ3	1.138	0.955	0.183	different
1C04	1.570	0.791	0.779	different
1C0A	2.885	2.768	0.117	different
1C0O	0.555	0.396	0.159	different
1C2X	10.596	10.153	0.443	different
1CQ5	2.905	2.581	0.324	different
1CQL	4.454	3.774	0.680	different
1D0T	2.752	1.992	0.760	different
1D0U	2.239	1.588	0.651	different
1D6K	3.056	3.056	0.000	same
1DRZ	4.093	2.068	2.025	different
1E7K	9.308	8.965	0.343	different
1EBR	1.907	0.978	0.929	different
1EC6	4.571	3.046	1.525	different
1EFW	2.632	2.479	0.153	different
1EHT	3.678	3.622	0.056	different
1EI2	5.635	2.951	2.684	different
1EIY	4.707	4.217	0.490	different
1EKZ	4.002	2.829	1.173	different
1ESH	0.761	0.544	0.217	different
1ESY	1.991	1.551	0.440	different
1ETG	2.595	1.731	0.864	different
1EUQ	6.463	6.023	0.440	different
1EUY	5.418	5.244	0.174	different
1EXD	5.733	5.231	0.502	different
1EXY	5.054	2.897	2.157	different
1F1T	4.953	2.937	2.016	different
1F27	4.836	3.742	1.094	different
1F6U	4.010	2.993	1.017	different
1F79	2.488	1.414	1.074	different
1F7F	2.708	1.717	0.991	different
1F7H	4.887	3.596	1.291	different
1F7I	2.367	1.382	0.985	different
1F7U	5.817	5.515	0.302	different
1F7V	4.900	4.118	0.782	different
1F84	2.299	2.090	0.209	different
1F85	0.624	0.578	0.046	different
1F9L	2.053	0.956	1.097	different
1FEQ	2.427	2.157	0.270	different
1FIR	1.947	1.743	0.204	different
1FJE	3.173	2.304	0.869	different
1FL8	3.213	2.481	0.732	different
1FMN	4.487	3.568	0.919	different
1FOQ	10.751	9.101	1.650	different
1FQZ	0.801	0.596	0.205	different
1FYO	2.146	1.181	0.965	different
1FYP	2.368	1.732	0.636	different
1G1X	19.515	18.399	1.116	different
1G59	4.831	4.419	0.412	different
1G70	4.878	3.401	1.477	different
1GAX	4.215	4.203	0.012	different
1GID	3.860	2.268	1.592	different
1H3E	2.482	2.117	0.365	different
1HC8	1.559	0.770	0.789	different
1HJI	1.745	0.709	1.036	different
1HMH	11.917	11.397	0.520	different
1HR2	4.455	3.038	1.417	different
1HS1	0.392	0.281	0.111	different
1HS3	0.343	0.181	0.162	different
1HS4	0.276	0.152	0.124	different
1HS8	0.333	0.187	0.146	different
1HWQ	2.054	1.583	0.471	different
1I3X	1.158	0.601	0.557	different
1I3Y	1.396	1.045	0.351	different
1I46	0.738	0.430	0.308	different
1I4B	1.500	0.787	0.713	different
1I4C	5.751	5.499	0.252	different
1I6U	2.232	1.470	0.762	different
1I9F	2.879	2.185	0.694	different
1I9V	1.882	1.633	0.249	different
1IDV	0.947	0.814	0.133	different
1IE1	2.921	1.618	1.303	different
1IE2	1.942	1.622	0.320	different
1IK1	0.335	0.335	0.000	same
1IKD	1.099	0.823	0.276	different
1IL2	4.132	3.563	0.569	different
1J1U	1.712	1.466	0.246	different
1J2B	9.252	9.036	0.216	different
1JBR	2.207	1.862	0.345	different
1JBT	2.090	1.888	0.202	different
1JO7	2.529	1.846	0.683	different
1JOX	3.186	2.172	1.014	different
1JP0	2.272	1.647	0.625	different
1JTJ	4.257	3.369	0.888	different
1JWC	4.098	2.820	1.278	different
1JZC	2.597	2.096	0.501	different
1K2G	2.617	1.333	1.284	different
1K4B	1.031	0.470	0.561	different
1K5I	3.134	1.046	2.088	different
1K6G	0.325	0.269	0.056	different
1K8W	2.864	2.207	0.657	different
1K9W	5.399	3.950	1.449	different
1KH6	9.601	5.935	3.666	different
1KIS	4.278	3.569	0.709	different
1KKA	4.183	2.732	1.451	different
1KKS	3.288	1.692	1.596	different
1KOG	4.042	3.812	0.230	different
1KP7	2.517	0.873	1.644	different
1KXK	7.431	6.074	1.357	different
1L1C	3.764	1.696	2.068	different
1L1W	1.293	0.658	0.635	different
1L8V	4.534	3.792	0.742	different
1L9A	5.586	4.313	1.273	different
1LDZ	3.885	3.090	0.795	different
1LNG	1.914	1.776	0.138	different
1LU3	1.704	0.688	1.016	different
1LUU	2.792	2.163	0.629	different
1LUX	3.053	1.803	1.250	different
1LVJ	3.862	2.156	1.706	different
1M5K	11.184	8.197	2.987	different
1M5L	3.323	2.434	0.889	different
1M5P	11.202	8.179	3.023	different
1M5V	11.292	8.184	3.108	different
1M82	1.494	0.977	0.517	different
1ME1	2.846	2.455	0.391	different
1MFK	1.721	1.269	0.452	different
1MFY	2.434	1.879	0.555	different
1MJI	4.642	3.742	0.900	different
1MNB	3.737	2.412	1.325	different
1MNX	3.225	2.344	0.881	different
1MSY	1.098	0.725	0.373	different
1MT4	0.807	0.420	0.387	different
1N66	1.568	0.890	0.678	different
1N8X	2.055	1.118	0.937	different
1NA2	1.518	0.870	0.648	different
1NBK	3.120	1.445	1.675	different
1NBR	2.628	1.365	1.263	different
1NBS	26.565	25.397	1.168	different
1NC0	1.740	1.034	0.706	different
1NEM	2.247	1.979	0.268	different
1NYB	1.148	0.612	0.536	different
1NYI	7.984	7.754	0.230	different
1O15	2.516	1.554	0.962	different
1OB5	2.792	2.100	0.692	different
1OLN	6.073	5.279	0.794	different
1OOA	4.640	3.980	0.660	different
1OQ0	2.315	1.628	0.687	different
1OW9	1.367	0.986	0.381	different
1P5M	4.265	3.354	0.911	different
1P5O	25.391	22.576	2.815	different
1P5P	25.435	22.451	2.984	different
1P6V	9.810	8.147	1.663	different
1PJY	1.134	0.896	0.238	different
1Q29	8.096	7.803	0.293	different
1Q75	1.174	0.897	0.277	different
1Q8N	4.373	4.064	0.309	different
1Q93	0.341	0.318	0.023	different
1Q96	0.401	0.281	0.120	different
1QC8	2.540	1.840	0.700	different
1QD3	5.544	2.519	3.025	different
1QF6	4.180	4.007	0.173	different
1QFQ	0.968	0.814	0.154	different
1QU2	2.921	2.769	0.152	different
1QU3	2.910	2.733	0.177	different
1QWA	1.479	1.127	0.352	different
1QWB	4.509	3.542	0.967	different
1QZW	3.467	3.206	0.261	different
1R2P	6.668	2.903	3.765	different
1R3E	2.290	2.047	0.243	different
1R4H	0.996	0.552	0.444	different
1R7W	5.851	2.408	3.443	different
1R7Z	2.580	1.957	0.623	different
1RAW	5.590	5.011	0.579	different
1RFR	2.041	1.244	0.797	different
1RHT	4.310	2.835	1.475	different
1RKJ	5.374	4.755	0.619	different
1RLG	0.982	0.668	0.314	different
1RMN	11.309	10.781	0.528	different
1ROQ	0.469	0.439	0.030	different
1RY1	2.867	2.050	0.817	different
1S03	4.015	2.589	1.426	different
1S2F	1.128	0.849	0.279	different
1S34	2.076	1.502	0.574	different
1S9S	10.600	8.890	1.710	different
1SCL	5.369	4.682	0.687	different
1SLO	1.095	1.095	0.000	same
1SLP	1.292	1.020	0.272	different
1SYZ	2.850	2.342	0.508	different
1SZ1	2.993	2.397	0.596	different
1T28	4.694	3.411	1.283	different
1T4L	5.782	4.905	0.877	different
1TBK	1.929	1.443	0.486	different
1TFN	2.849	1.395	1.454	different
1TJZ	1.485	1.336	0.149	different
1TLR	2.841	1.836	1.005	different
1TOB	2.346	2.010	0.336	different
1TXS	4.444	2.167	2.277	different
1U0B	5.254	5.195	0.059	different
1U1Y	4.081	3.582	0.499	different
1U2A	2.208	1.048	1.160	different
1U3K	4.394	3.977	0.417	different
1U63	4.173	2.765	1.408	different
1U6B	7.303	6.342	0.961	different
1U6P	14.301	11.942	2.359	different
1U9S	16.481	14.717	1.764	different
1ULL	4.728	2.498	2.230	different
1UN6	2.149	1.427	0.722	different
1URN	3.509	2.150	1.359	different
1UTS	5.339	4.435	0.904	different
1UUD	3.178	2.581	0.597	different
1UUI	2.685	2.685	0.000	same
1UUU	2.688	0.918	1.770	different
1VBZ	6.938	6.297	0.641	different
1VC5	3.628	2.344	1.284	different
1VFG	1.780	1.627	0.153	different
1VOP	0.783	0.407	0.376	different
1WKS	0.867	0.403	0.464	different
1WSU	1.387	1.265	0.122	different
1WTT	1.953	1.570	0.383	different
1WZ2	4.646	4.124	0.522	different
1XJR	12.186	12.104	0.082	different
1XPF	4.602	2.993	1.609	different
1XSG	1.016	0.748	0.268	different
1XSH	1.288	1.108	0.180	different
