RNA	length	pk_chars	A_v2_rmsd_templates	B_rmsd_seqonly	delta	verdict
2NZ4	141	18	8.699	11.747	-3.048	templates_helped
2NRE	56	0	11.996	14.201	-2.205	templates_helped
3J0O	112	0	19.822	21.464	-1.642	templates_helped
3IZD	151	0	15.697	16.566	-0.869	templates_helped
2M58	59	6	15.763	16.611	-0.848	templates_helped
1O15	34	0	1.546	2.343	-0.797	templates_helped
3J0P	112	0	20.733	21.469	-0.736	templates_helped
2QBZ	153	2	20.463	21.108	-0.645	templates_helped
3OWZ	88	0	2.999	3.585	-0.586	templates_helped
3J0L	112	0	20.928	21.474	-0.546	templates_helped
3G9C	141	18	7.484	7.879	-0.395	neutral
3G96	141	12	8.633	9.019	-0.386	neutral
3UD3	92	2	21.542	21.857	-0.315	neutral
3OXM	88	0	2.843	3.143	-0.300	neutral
2MHI	53	0	7.930	8.223	-0.293	neutral
3OX0	88	0	2.864	3.150	-0.286	neutral
2B57	65	6	1.289	1.557	-0.268	neutral
3OWW	88	0	2.889	3.154	-0.265	neutral
3G8S	141	10	8.387	8.652	-0.265	neutral
3OXE	88	0	2.868	3.115	-0.247	neutral
3SKW	64	6	1.694	1.937	-0.243	neutral
3OWI	87	0	2.871	3.106	-0.235	neutral
3P49	169	0	2.972	3.172	-0.200	neutral
2A9L	38	0	4.947	5.132	-0.185	neutral
1EHT	34	0	3.457	3.628	-0.171	neutral
1URN	21	0	2.165	2.303	-0.138	neutral
1T28	34	0	3.414	3.548	-0.134	neutral
3L3C	141	12	8.659	8.790	-0.131	neutral
3B4B	123	16	9.106	9.233	-0.127	neutral
3J0D	50	0	9.631	9.748	-0.117	neutral
1F1T	38	0	2.826	2.937	-0.111	neutral
1U2A	20	0	1.043	1.146	-0.103	neutral
1A9L	38	0	5.542	5.633	-0.091	neutral
2BS0	12	0	1.315	1.401	-0.086	neutral
3K0J	87	0	13.530	13.615	-0.085	neutral
3OXB	88	0	3.633	3.708	-0.075	neutral
2EEU	68	8	1.274	1.349	-0.075	neutral
3B4A	122	16	8.207	8.280	-0.073	neutral
2GV3	22	0	2.099	2.164	-0.065	neutral
2JXV	33	0	0.964	1.027	-0.063	neutral
3UZS	20	0	2.930	2.990	-0.060	neutral
2MS0	71	2	10.563	10.622	-0.059	neutral
1JZC	13	0	2.094	2.152	-0.058	neutral
1DRZ	72	16	1.975	2.033	-0.058	neutral
1F27	19	0	3.684	3.742	-0.058	neutral
2PCV	35	0	9.977	10.034	-0.057	neutral
3J5S	174	2	24.695	24.750	-0.055	neutral
2KZL	55	0	6.129	6.178	-0.049	identical
1JTJ	23	0	3.370	3.417	-0.047	identical
2PCW	35	0	11.264	11.307	-0.043	identical
3SD3	89	10	2.441	2.483	-0.042	identical
2IL9	135	6	36.704	36.744	-0.040	identical
2KRL	102	8	19.286	19.324	-0.038	identical
2N6S	36	0	1.021	1.059	-0.038	identical
2HOK	78	0	7.424	7.461	-0.037	identical
3RKF	68	8	1.911	1.948	-0.037	identical
3DIZ	174	12	1.507	1.542	-0.035	identical
3DIO	174	12	1.468	1.503	-0.035	identical
2ZY6	38	0	4.200	4.234	-0.034	identical
1M5V	92	0	8.178	8.212	-0.034	identical
2TOB	20	0	0.754	0.787	-0.033	identical
1Q8N	38	0	4.073	4.104	-0.031	identical
2EUY	34	0	5.216	5.246	-0.030	identical
2N4L	53	0	1.893	1.923	-0.030	identical
2MS1	71	2	9.797	9.827	-0.030	identical
1P5O	77	0	22.570	22.599	-0.029	identical
1M5P	92	0	8.173	8.201	-0.028	identical
3MXH	93	4	21.369	21.397	-0.028	identical
3SLQ	66	6	1.580	1.606	-0.026	identical
2LDT	31	0	2.241	2.267	-0.026	identical
3NKB	64	4	3.110	3.135	-0.025	identical
2OIU	71	0	8.723	8.747	-0.024	identical
1SYZ	24	0	2.340	2.363	-0.023	identical
1EI2	25	0	2.918	2.940	-0.022	identical
1Y27	66	6	0.866	0.887	-0.021	identical
1M5K	92	0	8.198	8.218	-0.020	identical
1ZHO	38	0	2.811	2.830	-0.019	identical
2ZZN	71	2	3.202	3.221	-0.019	identical
1FMN	35	0	3.549	3.567	-0.018	identical
2ES5	23	0	1.174	1.192	-0.018	identical
2M57	35	0	2.935	2.953	-0.018	identical
2ANR	25	0	2.774	2.791	-0.017	identical
1KH6	48	0	5.939	5.955	-0.016	identical
2LBQ	17	0	1.472	1.488	-0.016	identical
3EGZ	65	0	3.842	3.858	-0.016	identical
3MUM	93	4	21.909	21.924	-0.015	identical
2EES	68	8	1.307	1.322	-0.015	identical
1HS1	13	0	0.266	0.281	-0.015	identical
3J46	109	2	5.053	5.068	-0.015	identical
3PDR	161	2	8.055	8.069	-0.014	identical
3B0V	73	2	2.231	2.245	-0.014	identical
1WSU	22	0	1.264	1.278	-0.014	identical
1E8O	49	6	2.721	2.734	-0.013	identical
1TFN	24	0	1.391	1.404	-0.013	identical
1MFY	31	0	1.882	1.894	-0.012	identical
1QC8	25	0	1.841	1.853	-0.012	identical
3D0U	161	12	1.574	1.586	-0.012	identical
1QZW	47	0	3.205	3.216	-0.011	identical
2OZB	33	0	2.584	2.595	-0.011	identical
2LV0	24	0	1.004	1.015	-0.011	identical
2M4Q	27	0	1.338	1.349	-0.011	identical
1YSH	101	0	9.601	9.612	-0.011	identical
2NBX	108	0	9.961	9.972	-0.011	identical
1F9L	22	0	0.940	0.950	-0.010	identical
1WTT	14	0	1.570	1.580	-0.010	identical
2JWV	29	0	0.797	0.807	-0.010	identical
1L8V	157	0	3.793	3.803	-0.010	identical
2YIE	57	0	13.875	13.885	-0.010	identical
1R2P	34	0	2.905	2.914	-0.009	identical
1R7Z	34	0	1.962	1.971	-0.009	identical
2GVO	18	0	0.805	0.814	-0.009	identical
2LWK	32	0	1.500	1.509	-0.009	identical
2MNC	16	0	1.169	1.178	-0.009	identical
361D	20	0	2.117	2.126	-0.009	identical
1I6U	37	0	1.465	1.473	-0.008	identical
1SLP	19	0	1.022	1.030	-0.008	identical
2DU4	71	2	2.924	2.932	-0.008	identical
2G1G	17	0	2.296	2.304	-0.008	identical
1C2X	120	0	10.147	10.155	-0.008	identical
2MF0	72	0	13.387	13.395	-0.008	identical
3IAB	46	0	10.950	10.957	-0.007	identical
2N0J	27	0	1.321	1.328	-0.007	identical
2W2H	22	0	2.452	2.459	-0.007	identical
3DIG	174	12	1.596	1.603	-0.007	identical
1A60	44	6	6.049	6.056	-0.007	identical
1P5P	77	0	22.452	22.459	-0.007	identical
1EKZ	30	0	2.827	2.833	-0.006	identical
1HMH	34	0	11.391	11.397	-0.006	identical
1U9S	155	0	14.724	14.730	-0.006	identical
359D	25	0	7.112	7.118	-0.006	identical
3DS7	68	8	3.485	3.491	-0.006	identical
3JB9	111	0	40.499	40.505	-0.006	identical
3LWV	58	0	20.225	20.231	-0.006	identical
17RA	21	0	0.660	0.666	-0.006	identical
1FQZ	27	0	0.583	0.589	-0.006	identical
1NA2	30	0	0.871	0.877	-0.006	identical
2KGP	25	0	1.657	1.663	-0.006	identical
2N6T	42	0	1.818	1.824	-0.006	identical
1VC5	70	16	2.345	2.351	-0.006	identical
2DU3	71	2	2.923	2.929	-0.006	identical
2AU4	42	0	5.996	6.002	-0.006	identical
1FOQ	109	0	9.091	9.096	-0.005	identical
1BIV	28	0	2.538	2.543	-0.005	identical
2M12	23	0	2.215	2.220	-0.005	identical
3OXD	88	0	3.981	3.986	-0.005	identical
1BN0	20	0	1.503	1.508	-0.005	identical
2KRZ	17	0	1.226	1.231	-0.005	identical
2LA5	36	0	1.333	1.338	-0.005	identical
1K4B	14	0	0.474	0.479	-0.005	identical
2MEQ	19	0	0.828	0.833	-0.005	identical
1EUY	73	2	5.238	5.243	-0.005	identical
1TLR	23	0	1.840	1.845	-0.005	identical
1YN1	17	0	1.008	1.013	-0.005	identical
2MFF	21	0	2.141	2.146	-0.005	identical
2RD2	74	2	5.338	5.343	-0.005	identical
3T4B	84	12	2.349	2.354	-0.005	identical
1P6V	45	0	8.144	8.149	-0.005	identical
1I4C	13	0	5.494	5.498	-0.004	identical
1AFX	12	0	0.874	0.878	-0.004	identical
1BZ3	17	0	0.950	0.954	-0.004	identical
1D0U	21	0	1.589	1.593	-0.004	identical
1EC6	20	0	3.043	3.047	-0.004	identical
1ETG	34	0	1.728	1.732	-0.004	identical
1F85	14	0	0.573	0.577	-0.004	identical
1MFK	23	0	1.262	1.266	-0.004	identical
1MSY	27	0	0.724	0.728	-0.004	identical
1NBK	34	0	1.442	1.446	-0.004	identical
1TJZ	22	0	1.335	1.339	-0.004	identical
1XWP	15	0	0.576	0.580	-0.004	identical
1YLG	31	0	1.837	1.841	-0.004	identical
1ZBN	28	0	2.991	2.995	-0.004	identical
2M22	23	0	1.092	1.096	-0.004	identical
2QUX	25	0	3.542	3.546	-0.004	identical
2RVO	34	0	1.529	1.533	-0.004	identical
3A3A	86	2	2.152	2.156	-0.004	identical
3D0X	161	12	1.554	1.558	-0.004	identical
3E5F	54	0	3.963	3.967	-0.004	identical
1ARJ	29	0	4.712	4.715	-0.003	identical
1ASZ	75	2	3.379	3.382	-0.003	identical
1EXD	73	2	5.227	5.230	-0.003	identical
1J1U	74	2	1.466	1.469	-0.003	identical
1KXK	70	0	6.072	6.075	-0.003	identical
1OOA	29	0	3.980	3.983	-0.003	identical
1QF6	76	2	4.004	4.007	-0.003	identical
1YKV	38	0	11.942	11.945	-0.003	identical
2BH2	30	0	9.738	9.741	-0.003	identical
2C50	14	0	2.836	2.839	-0.003	identical
2HUA	40	0	2.534	2.537	-0.003	identical
2HW8	36	0	3.041	3.044	-0.003	identical
2I7E	43	0	2.459	2.462	-0.003	identical
2N8V	70	10	6.608	6.611	-0.003	identical
2NQP	68	0	4.991	4.994	-0.003	identical
3AGV	24	0	2.267	2.270	-0.003	identical
3AL0	74	2	4.646	4.649	-0.003	identical
3E5C	52	0	1.192	1.195	-0.003	identical
3ICQ	62	0	3.044	3.047	-0.003	identical
3J5Y	88	2	2.214	2.217	-0.003	identical
1EBR	30	0	0.983	0.986	-0.003	identical
1IKD	22	0	0.829	0.832	-0.003	identical
1WKS	17	0	0.403	0.406	-0.003	identical
1Z30	18	0	0.338	0.341	-0.003	identical
3Q50	34	6	0.656	0.659	-0.003	identical
3Q51	32	4	0.799	0.802	-0.003	identical
1VOP	13	0	0.406	0.409	-0.003	identical
1F7F	27	0	1.717	1.720	-0.003	identical
1JO7	31	0	1.844	1.847	-0.003	identical
1JP0	21	0	1.647	1.650	-0.003	identical
1N8X	36	0	1.124	1.127	-0.003	identical
2N3O	23	0	1.907	1.910	-0.003	identical
3W1K	92	2	1.848	1.851	-0.003	identical
3WC2	74	2	1.923	1.926	-0.003	identical
2RN1	16	0	2.970	2.973	-0.003	identical
1EFW	73	2	2.477	2.479	-0.002	identical
1JWC	16	0	2.820	2.822	-0.002	identical
2B63	31	0	3.191	3.193	-0.002	identical
2CSX	75	0	3.489	3.491	-0.002	identical
2DER	74	2	2.582	2.584	-0.002	identical
2V0G	76	2	3.525	3.527	-0.002	identical
3A2K	77	2	2.602	2.604	-0.002	identical
1AKX	30	0	1.781	1.783	-0.002	identical
1ATV	17	0	0.572	0.574	-0.002	identical
1HS8	13	0	0.185	0.187	-0.002	identical
1IE2	22	0	1.617	1.619	-0.002	identical
1K6G	22	0	0.268	0.270	-0.002	identical
1M82	25	0	0.977	0.979	-0.002	identical
1OQ0	15	0	1.628	1.630	-0.002	identical
1Q93	27	0	0.317	0.319	-0.002	identical
1ROQ	14	0	0.439	0.441	-0.002	identical
1S34	23	0	1.504	1.506	-0.002	identical
1YNC	31	0	1.527	1.529	-0.002	identical
1ZBH	16	0	0.802	0.804	-0.002	identical
1ZO3	76	2	1.271	1.273	-0.002	identical
28SR	28	0	1.457	1.459	-0.002	identical
2C51	15	0	1.739	1.741	-0.002	identical
2D1B	39	0	1.746	1.748	-0.002	identical
2IZM	13	0	1.296	1.298	-0.002	identical
2JR4	17	0	0.534	0.536	-0.002	identical
2KRP	17	0	0.978	0.980	-0.002	identical
2LHP	37	0	1.588	1.590	-0.002	identical
2LK3	24	0	0.568	0.570	-0.002	identical
2LPS	34	0	1.428	1.430	-0.002	identical
2MFD	19	0	1.136	1.138	-0.002	identical
2NUE	46	0	1.373	1.375	-0.002	identical
2PJP	23	0	1.651	1.653	-0.002	identical
2PLY	23	0	1.638	1.640	-0.002	identical
2V3C	96	0	1.761	1.763	-0.002	identical
3OV7	34	0	1.961	1.963	-0.002	identical
1G70	32	0	3.406	3.408	-0.002	identical
1P5M	55	0	3.365	3.367	-0.002	identical
1RAW	37	0	5.010	5.012	-0.002	identical
1UTS	29	0	4.434	4.436	-0.002	identical
2BYT	78	2	3.346	3.348	-0.002	identical
2DET	70	2	2.294	2.296	-0.002	identical
2HGH	55	0	2.717	2.719	-0.002	identical
2HO7	123	16	6.359	6.361	-0.002	identical
2KE6	48	0	3.809	3.811	-0.002	identical
2LU0	49	0	4.436	4.438	-0.002	identical
2QH3	23	0	2.079	2.081	-0.002	identical
3ADB	92	2	3.043	3.045	-0.002	identical
3AKZ	74	2	4.550	4.552	-0.002	identical
3DH3	22	0	3.048	3.050	-0.002	identical
3TUP	74	2	2.059	2.061	-0.002	identical
3WFR	75	2	3.229	3.231	-0.002	identical
2DEU	75	2	9.944	9.946	-0.002	identical
3IRW	92	2	20.692	20.694	-0.002	identical
2XXA	102	0	32.664	32.666	-0.002	identical
1G1X	44	0	18.395	18.396	-0.001	identical
1F7V	73	2	4.116	4.117	-0.001	identical
1WZ2	88	2	4.125	4.126	-0.001	identical
1YFG	75	2	3.514	3.515	-0.001	identical
2CT8	74	2	3.199	3.200	-0.001	identical
2LUP	32	0	4.803	4.804	-0.001	identical
3GX5	95	6	2.881	2.882	-0.001	identical
1F79	27	0	1.412	1.413	-0.001	identical
1FCW	76	2	1.416	1.417	-0.001	identical
1JBR	31	0	1.861	1.862	-0.001	identical
1UN6	61	0	1.426	1.427	-0.001	identical
2CD1	27	0	1.178	1.179	-0.001	identical
2DR7	33	0	1.519	1.520	-0.001	identical
3F2W	109	8	1.277	1.278	-0.001	identical
1HS3	13	0	0.180	0.181	-0.001	identical
1I3X	19	0	0.601	0.602	-0.001	identical
1NYB	24	0	0.613	0.614	-0.001	identical
1OW9	23	0	0.987	0.988	-0.001	identical
1PJY	22	0	0.896	0.897	-0.001	identical
1R4H	10	0	0.551	0.552	-0.001	identical
1S2F	23	0	0.850	0.851	-0.001	identical
2CD6	27	0	0.887	0.888	-0.001	identical
2GIO	29	0	0.410	0.411	-0.001	identical
2LPA	15	0	0.244	0.245	-0.001	identical
2LPT	34	0	0.893	0.894	-0.001	identical
2RO2	23	0	0.482	0.483	-0.001	identical
2RPK	20	0	0.510	0.511	-0.001	identical
3GCA	33	4	0.507	0.508	-0.001	identical
1ATW	15	0	1.846	1.847	-0.001	identical
1C0A	77	2	2.767	2.768	-0.001	identical
1ESY	19	0	1.548	1.549	-0.001	identical
1H3E	83	2	2.117	2.118	-0.001	identical
1IL2	75	2	3.563	3.564	-0.001	identical
1K9W	23	0	3.948	3.949	-0.001	identical
1KIS	16	0	3.568	3.569	-0.001	identical
1ME1	12	0	2.455	2.456	-0.001	identical
1MNX	42	0	2.341	2.342	-0.001	identical
1NEM	23	0	1.981	1.982	-0.001	identical
1R3E	17	0	2.047	2.048	-0.001	identical
1TOB	27	0	2.008	2.009	-0.001	identical
2D6F	74	2	3.579	3.580	-0.001	identical
2DU6	71	2	2.789	2.790	-0.001	identical
2DVI	34	0	2.015	2.016	-0.001	identical
2F88	34	0	1.729	1.730	-0.001	identical
2GDI	78	0	2.464	2.465	-0.001	identical
2GIS	95	6	2.851	2.852	-0.001	identical
2K95	48	12	2.763	2.764	-0.001	identical
2KMJ	28	0	2.217	2.218	-0.001	identical
2LJJ	27	0	1.100	1.101	-0.001	identical
2MFE	22	0	2.975	2.976	-0.001	identical
2MTK	47	0	2.722	2.723	-0.001	identical
2PXQ	49	0	2.443	2.444	-0.001	identical
2Y9H	18	0	1.868	1.869	-0.001	identical
2YDH	95	6	2.938	2.939	-0.001	identical
2ZH2	34	0	2.245	2.246	-0.001	identical
2ZH5	34	0	1.213	1.214	-0.001	identical
3AM1	81	2	2.115	2.116	-0.001	identical
3EPH	69	2	2.803	2.804	-0.001	identical
3L0U	73	2	1.372	1.373	-0.001	identical
3TRA	72	0	1.981	1.982	-0.001	identical
3W3S	98	2	1.667	1.668	-0.001	identical
1GAX	75	2	4.203	4.204	-0.001	identical
1NYI	24	0	7.753	7.754	-0.001	identical
2CZJ	62	2	8.178	8.179	-0.001	identical
2JYH	43	0	4.038	4.039	-0.001	identical
3NPQ	52	10	4.400	4.401	-0.001	identical
3Q3Z	77	16	18.925	18.926	-0.001	identical
1BZ2	17	0	1.199	1.199	+0.000	identical
1C0O	14	0	0.396	0.396	+0.000	identical
1GID	158	0	2.251	2.251	+0.000	identical
1HC8	58	0	0.769	0.769	+0.000	identical
1HS4	13	0	0.152	0.152	+0.000	identical
1I3Y	19	0	1.044	1.044	+0.000	identical
1J2B	77	0	9.036	9.036	+0.000	identical
1K8W	22	0	2.207	2.207	+0.000	identical
1LNG	97	0	1.777	1.777	+0.000	identical
1MT4	24	0	0.421	0.421	+0.000	identical
1QU2	75	2	2.769	2.769	+0.000	identical
1RMN	49	0	10.780	10.780	+0.000	identical
1SCL	29	0	4.682	4.682	+0.000	identical
1SZ1	76	2	2.397	2.397	+0.000	identical
1TBK	17	0	1.443	1.443	+0.000	identical
1UUU	19	0	0.917	0.917	+0.000	identical
1XSH	27	0	1.108	1.108	+0.000	identical
1XSU	27	0	0.557	0.557	+0.000	identical
1Z2J	45	0	1.571	1.571	+0.000	identical
1Z31	32	0	0.800	0.800	+0.000	identical
1ZJW	74	2	5.351	5.351	+0.000	identical
2AB4	20	0	2.001	2.001	+0.000	identical
2AKE	72	0	3.610	3.610	+0.000	identical
2B2D	9	0	2.549	2.549	+0.000	identical
2B6G	19	0	0.941	0.941	+0.000	identical
2BTE	78	2	3.871	3.871	+0.000	identical
2DR2	75	0	4.043	4.043	+0.000	identical
2DU5	71	2	2.831	2.831	+0.000	identical
2F87	12	0	0.340	0.340	+0.000	identical
2HNS	22	0	0.626	0.626	+0.000	identical
2HOM	80	0	19.040	19.040	+0.000	identical
2IZN	15	0	2.481	2.481	+0.000	identical
2JTP	34	0	1.916	1.916	+0.000	identical
2JUK	22	0	1.143	1.143	+0.000	identical
2K4C	76	2	2.968	2.968	+0.000	identical
2KU0	38	0	3.091	3.091	+0.000	identical
2L6I	16	0	0.629	0.629	+0.000	identical
2LBS	32	0	3.920	3.920	+0.000	identical
2LP9	16	0	0.442	0.442	+0.000	identical
2LQZ	27	0	1.537	1.537	+0.000	identical
2M4W	17	0	0.514	0.514	+0.000	identical
2N0R	23	0	3.387	3.387	+0.000	identical
2NBZ	40	0	1.608	1.608	+0.000	identical
2NR0	80	2	3.376	3.376	+0.000	identical
2O33	20	0	0.626	0.626	+0.000	identical
2OEU	42	0	15.834	15.834	+0.000	identical
2OJ8	8	0	0.796	0.796	+0.000	identical
2QUW	57	2	11.304	11.304	+0.000	identical
2YGH	94	6	1.592	1.592	+0.000	identical
2ZHB	34	0	1.787	1.787	+0.000	identical
3EPJ	69	2	2.773	2.773	+0.000	identical
3EPL	69	0	2.850	2.850	+0.000	identical
3F2X	107	8	1.289	1.289	+0.000	identical
3FOZ	74	2	3.091	3.091	+0.000	identical
3IQN	95	6	2.778	2.778	+0.000	identical
3NDB	136	0	2.073	2.073	+0.000	identical
3OIJ	14	0	3.242	3.242	+0.000	identical
3OIN	14	0	3.250	3.250	+0.000	identical
3OUY	35	0	2.816	2.816	+0.000	identical
3PHP	23	0	0.927	0.927	+0.000	identical
3QSY	77	0	7.727	7.727	+0.000	identical
3WFS	74	0	2.557	2.557	+0.000	identical
1RKJ	21	0	4.770	4.769	+0.001	identical
1T4L	32	0	4.906	4.905	+0.001	identical
2CV2	75	2	4.390	4.389	+0.001	identical
2IY5	76	2	4.050	4.049	+0.001	identical
2L3J	71	0	4.177	4.176	+0.001	identical
3DKN	32	0	7.020	7.019	+0.001	identical
3MOJ	69	0	6.034	6.033	+0.001	identical
1AQ4	16	0	2.195	2.194	+0.001	identical
1ASY	75	2	3.756	3.755	+0.001	identical
1EXY	33	0	2.899	2.898	+0.001	identical
1FIR	76	2	1.744	1.743	+0.001	identical
1H4S	67	2	2.229	2.228	+0.001	identical
1OB5	76	2	2.101	2.100	+0.001	identical
1QU3	75	2	2.734	2.733	+0.001	identical
1QWB	26	0	3.542	3.541	+0.001	identical
1U1Y	17	0	3.581	3.580	+0.001	identical
2AHT	27	0	1.134	1.133	+0.001	identical
2AZX	72	0	1.763	1.762	+0.001	identical
2DR5	32	0	1.966	1.965	+0.001	identical
2EET	68	8	1.099	1.098	+0.001	identical
2FDT	36	0	1.001	1.000	+0.001	identical
2FK6	53	2	2.722	2.721	+0.001	identical
2I7Z	43	0	3.256	3.255	+0.001	identical
2KF0	24	0	1.220	1.219	+0.001	identical
2KTZ	38	0	2.909	2.908	+0.001	identical
2KUU	48	0	3.808	3.807	+0.001	identical
2KX8	42	0	1.331	1.330	+0.001	identical
2VPL	48	0	3.461	3.460	+0.001	identical
2ZH8	34	0	1.990	1.989	+0.001	identical
3ADD	88	2	2.544	2.543	+0.001	identical
3DEG	77	2	2.848	2.847	+0.001	identical
3EPK	69	2	2.818	2.817	+0.001	identical
3HHN	137	22	2.427	2.426	+0.001	identical
3V11	76	2	2.396	2.395	+0.001	identical
3VRS	52	8	1.704	1.703	+0.001	identical
3WC1	73	0	3.521	3.520	+0.001	identical
1A4T	15	0	0.379	0.378	+0.001	identical
1BVJ	23	0	0.552	0.551	+0.001	identical
1C04	58	0	0.793	0.792	+0.001	identical
1ESH	13	0	0.546	0.545	+0.001	identical
1I46	13	0	0.431	0.430	+0.001	identical
1Q75	15	0	0.896	0.895	+0.001	identical
2JYM	22	0	0.604	0.603	+0.001	identical
2L2K	42	0	0.959	0.958	+0.001	identical
2L3C	34	0	0.699	0.698	+0.001	identical
2LBK	17	0	0.614	0.613	+0.001	identical
1K5I	23	0	1.050	1.049	+0.001	identical
1RFR	30	0	1.247	1.246	+0.001	identical
1VFG	34	0	1.627	1.626	+0.001	identical
1Z43	101	0	1.510	1.509	+0.001	identical
2GRW	22	0	1.062	1.061	+0.001	identical
2K5Z	29	0	1.268	1.267	+0.001	identical
2MER	19	0	1.308	1.307	+0.001	identical
2ZH3	34	0	1.516	1.515	+0.001	identical
2ZHA	33	0	1.437	1.436	+0.001	identical
3G4M	68	8	1.094	1.093	+0.001	identical
1EUQ	72	2	6.024	6.023	+0.001	identical
1Q29	24	0	7.804	7.803	+0.001	identical
1U63	49	0	2.765	2.764	+0.001	identical
1VBZ	73	16	6.295	6.294	+0.001	identical
2N6W	68	0	5.083	5.082	+0.001	identical
2QWY	53	14	4.519	4.518	+0.001	identical
3BBV	76	0	3.607	3.606	+0.001	identical
3IZZ	118	0	21.859	21.858	+0.001	identical
3LWR	58	0	20.283	20.282	+0.001	identical
3NMU	34	0	18.414	18.413	+0.001	identical
1A9N	24	0	5.942	5.940	+0.002	identical
1B23	74	2	2.884	2.882	+0.002	identical
1EIY	76	2	4.218	4.216	+0.002	identical
1G59	75	2	4.420	4.418	+0.002	identical
1SJF	74	16	6.518	6.516	+0.002	identical
1TXS	38	0	2.166	2.164	+0.002	identical
1U0B	74	0	5.193	5.191	+0.002	identical
1U6B	197	12	6.341	6.339	+0.002	identical
2M23	29	0	3.178	3.176	+0.002	identical
2ZH4	34	0	2.695	2.693	+0.002	identical
2ZXU	74	2	3.215	3.213	+0.002	identical
3CW6	77	2	2.363	2.361	+0.002	identical
3IVK	128	22	2.359	2.357	+0.002	identical
3KTV	108	0	2.351	2.349	+0.002	identical
3TRZ	21	0	4.580	4.578	+0.002	identical
3TS2	24	0	6.404	6.402	+0.002	identical
1A1T	20	0	1.445	1.443	+0.002	identical
1F7I	27	0	1.385	1.383	+0.002	identical
1I9V	74	2	1.633	1.631	+0.002	identical
1IDV	10	0	0.816	0.814	+0.002	identical
1IE1	22	0	1.619	1.617	+0.002	identical
1LU3	17	0	0.691	0.689	+0.002	identical
1NBR	29	0	1.364	1.362	+0.002	identical
1Q96	27	0	0.281	0.279	+0.002	identical
2GV4	22	0	0.863	0.861	+0.002	identical
2KPC	17	0	0.737	0.735	+0.002	identical
2M21	21	0	1.044	1.042	+0.002	identical
2MIS	26	0	1.414	1.412	+0.002	identical
2U2A	20	0	1.013	1.011	+0.002	identical
2Y95	14	0	0.734	0.732	+0.002	identical
3DIQ	173	12	1.470	1.468	+0.002	identical
3LA5	71	6	1.197	1.195	+0.002	identical
3UMY	80	2	0.846	0.844	+0.002	identical
1AQ3	16	0	2.209	2.207	+0.002	identical
1F7H	27	0	3.603	3.601	+0.002	identical
1FL8	17	0	2.482	2.480	+0.002	identical
1XPF	23	0	2.987	2.985	+0.002	identical
2IZ8	16	0	2.116	2.114	+0.002	identical
2OOM	16	0	3.826	3.824	+0.002	identical
3NVI	24	0	3.648	3.646	+0.002	identical
3R4F	66	0	2.261	2.259	+0.002	identical
3SUX	101	8	8.740	8.738	+0.002	identical
3SUY	101	8	8.878	8.876	+0.002	identical
3J45	108	2	3.949	3.946	+0.003	identical
1QWA	21	0	1.128	1.125	+0.003	identical
2JSE	22	0	1.275	1.272	+0.003	identical
2KUW	48	0	1.646	1.643	+0.003	identical
2L5Z	26	0	1.212	1.209	+0.003	identical
1KP7	30	0	0.875	0.872	+0.003	identical
1RLG	25	0	0.668	0.665	+0.003	identical
1YN2	17	0	0.609	0.606	+0.003	identical
2GIP	28	0	0.495	0.492	+0.003	identical
2LBL	17	0	0.576	0.573	+0.003	identical
1D0T	21	0	1.993	1.990	+0.003	identical
2EEV	68	8	1.080	1.077	+0.003	identical
2KDQ	29	0	3.838	3.835	+0.003	identical
2NC1	67	0	11.413	11.410	+0.003	identical
2P89	34	0	9.771	9.768	+0.003	identical
2WW9	63	0	14.529	14.526	+0.003	identical
2WWB	63	0	14.542	14.539	+0.003	identical
2XLK	15	0	1.479	1.476	+0.003	identical
2Y8Y	19	0	5.415	5.412	+0.003	identical
2ZM5	74	2	3.209	3.206	+0.003	identical
2ZUF	76	2	4.973	4.970	+0.003	identical
387D	26	0	15.918	15.915	+0.003	identical
3ADC	92	2	4.259	4.256	+0.003	identical
3B31	29	0	2.698	2.695	+0.003	identical
3IVN	69	8	2.178	2.175	+0.003	identical
3P22	40	0	2.585	2.582	+0.003	identical
3SKL	67	8	4.018	4.015	+0.003	identical
3SKT	67	8	4.073	4.070	+0.003	identical
3SLM	66	6	1.483	1.480	+0.003	identical
3SNP	29	0	5.211	5.208	+0.003	identical
3V7E	127	6	3.613	3.610	+0.003	identical
2ZNI	72	0	4.193	4.189	+0.004	identical
3SUH	101	8	8.648	8.644	+0.004	identical
2KVN	17	0	0.689	0.685	+0.004	identical
1FEQ	17	0	2.160	2.156	+0.004	identical
1HR2	158	0	3.058	3.054	+0.004	identical
1JBT	29	0	1.888	1.884	+0.004	identical
1K2G	22	0	1.335	1.331	+0.004	identical
1L1W	29	0	0.659	0.655	+0.004	identical
1LUU	17	0	2.168	2.164	+0.004	identical
1LUX	17	0	1.801	1.797	+0.004	identical
1QD3	29	0	2.530	2.526	+0.004	identical
1YNE	31	0	3.267	3.263	+0.004	identical
1ZC5	41	0	0.723	0.719	+0.004	identical
2B7G	19	0	0.701	0.697	+0.004	identical
2EEW	68	8	1.163	1.159	+0.004	identical
2EVY	14	0	0.769	0.765	+0.004	identical
2LBJ	17	0	1.088	1.084	+0.004	identical
2MXL	39	0	3.970	3.966	+0.004	identical
2N2O	23	0	2.626	2.622	+0.004	identical
2OM7	96	0	3.830	3.826	+0.004	identical
3F30	109	8	1.156	1.152	+0.004	identical
3MJA	29	0	2.548	2.544	+0.004	identical
2KHY	38	0	4.399	4.395	+0.004	identical
2NOQ	190	30	8.951	8.947	+0.004	identical
2WWA	63	0	14.521	14.517	+0.004	identical
1CQ5	43	0	2.584	2.579	+0.005	identical
1HWQ	30	0	1.581	1.576	+0.005	identical
1LDZ	30	0	3.102	3.097	+0.005	identical
1ZZN	197	12	6.356	6.351	+0.005	identical
2A9X	28	0	2.109	2.104	+0.005	identical
2FEY	43	0	2.143	2.138	+0.005	identical
2N82	23	0	3.483	3.478	+0.005	identical
2PN9	16	0	3.518	3.513	+0.005	identical
2PXT	49	0	2.618	2.613	+0.005	identical
2ZUE	75	2	4.960	4.955	+0.005	identical
3BO2	197	12	6.381	6.376	+0.005	identical
3BO3	197	12	6.390	6.385	+0.005	identical
3IIN	197	12	6.445	6.440	+0.005	identical
3R1H	130	12	4.498	4.493	+0.005	identical
3SIU	28	0	2.766	2.761	+0.005	identical
3SN2	29	0	2.085	2.080	+0.005	identical
2QH4	18	0	0.831	0.826	+0.005	identical
2RLU	19	0	0.633	0.628	+0.005	identical
1ATO	19	0	1.114	1.109	+0.005	identical
2L3E	35	0	1.522	1.517	+0.005	identical
2JPP	20	0	2.773	2.768	+0.005	identical
2L94	45	0	2.619	2.614	+0.005	identical
2ZZM	84	2	3.152	3.147	+0.005	identical
3KTW	96	0	12.995	12.989	+0.006	identical
1AQO	29	0	2.226	2.220	+0.006	identical
2FY1	21	0	2.142	2.136	+0.006	identical
2MTJ	47	0	3.276	3.270	+0.006	identical
2PXV	49	0	2.436	2.430	+0.006	identical
1I4B	13	0	0.793	0.787	+0.006	identical
2GO5	127	0	1.922	1.916	+0.006	identical
1ANR	29	0	4.034	4.028	+0.006	identical
1FJE	22	0	2.306	2.300	+0.006	identical
1R7W	34	0	2.414	2.408	+0.006	identical
2KUR	48	0	3.963	3.957	+0.006	identical
2Y8W	20	0	5.078	5.072	+0.006	identical
1F6U	19	0	2.997	2.990	+0.007	identical
1KKA	17	0	2.727	2.720	+0.007	identical
2B8S	23	0	2.844	2.837	+0.007	identical
3R9X	35	0	10.871	10.864	+0.007	identical
1M5L	38	0	2.436	2.429	+0.007	identical
1MNB	28	0	2.420	2.413	+0.007	identical
2LDL	27	0	1.207	1.200	+0.007	identical
2LUN	28	0	1.618	1.611	+0.007	identical
3TS0	23	0	3.507	3.500	+0.007	identical
3RW6	62	0	12.614	12.607	+0.007	identical
1BGZ	23	0	2.040	2.032	+0.008	identical
1D6K	37	0	3.057	3.049	+0.008	identical
1F84	29	0	2.098	2.090	+0.008	identical
2KUV	48	0	4.114	4.106	+0.008	identical
2LDZ	30	0	2.411	2.403	+0.008	identical
3DW6	26	0	1.699	1.691	+0.008	identical
3RG5	86	2	1.404	1.396	+0.008	identical
3MUR	93	4	21.713	21.705	+0.008	identical
3LWO	58	0	20.493	20.484	+0.009	identical
2JQ7	58	0	5.201	5.192	+0.009	identical
2QUS	69	2	1.833	1.824	+0.009	identical
1FYP	27	0	1.743	1.734	+0.009	identical
300D	25	0	6.886	6.876	+0.010	identical
1KKS	24	0	1.698	1.688	+0.010	identical
1N66	22	0	0.891	0.881	+0.010	identical
1XSG	27	0	0.758	0.747	+0.011	identical
1RHT	24	0	2.834	2.823	+0.011	identical
3SD1	89	10	2.301	2.290	+0.011	identical
2K63	29	0	2.829	2.817	+0.012	identical
1OLN	58	0	5.269	5.257	+0.012	identical
1A51	41	0	2.171	2.158	+0.013	identical
1LVJ	31	0	2.149	2.136	+0.013	identical
2MQV	68	0	11.397	11.384	+0.013	identical
3HAY	68	0	10.408	10.395	+0.013	identical
1F7U	76	2	5.528	5.514	+0.014	identical
2MIY	60	12	7.342	7.328	+0.014	identical
2MXS	27	0	1.542	1.528	+0.014	identical
2N2P	23	0	1.484	1.470	+0.014	identical
1AUD	30	0	8.118	8.104	+0.014	identical
1E7K	17	0	8.977	8.963	+0.014	identical
1JOX	21	0	2.172	2.157	+0.015	identical
2IXY	27	0	1.046	1.031	+0.015	identical
2LUB	37	0	1.070	1.055	+0.015	identical
1B36	38	0	4.178	4.162	+0.016	identical
1RY1	128	0	2.048	2.032	+0.016	identical
2N7X	23	0	1.073	1.056	+0.017	identical
2IHX	75	0	11.592	11.575	+0.017	identical
2Y9D	68	0	25.234	25.217	+0.017	identical
2PXL	47	0	2.195	2.177	+0.018	identical
3NPN	51	8	7.016	6.998	+0.018	identical
1AJU	30	0	2.699	2.680	+0.019	identical
2MQT	68	0	3.614	3.595	+0.019	identical
2N6X	43	0	3.849	3.830	+0.019	identical
2Y9C	68	0	24.720	24.700	+0.020	identical
1CQL	43	0	3.793	3.773	+0.020	identical
2NBY	39	0	1.446	1.426	+0.020	identical
2Y9B	68	0	25.295	25.274	+0.021	identical
2HOP	76	0	7.278	7.256	+0.022	identical
2XKV	96	0	5.302	5.280	+0.022	identical
1I9F	34	0	2.238	2.216	+0.022	identical
2HOL	79	0	2.967	2.945	+0.022	identical
2HOJ	79	0	3.032	3.009	+0.023	identical
2HEM	24	0	0.925	0.901	+0.024	identical
2QH2	24	0	1.185	1.156	+0.029	identical
2L8H	29	0	3.660	3.630	+0.030	identical
3D2X	77	0	4.142	4.112	+0.030	identical
2N1Q	155	0	30.063	30.029	+0.034	identical
1NC0	24	0	1.040	1.004	+0.036	identical
1XJR	47	0	12.109	12.072	+0.037	identical
3J0Q	112	0	21.513	21.474	+0.039	identical
1L1C	29	0	1.696	1.655	+0.041	identical
2HOO	83	0	3.384	3.342	+0.042	identical
2M24	29	0	1.995	1.952	+0.043	identical
3HL2	82	2	9.980	9.936	+0.044	identical
2MFG	21	0	1.940	1.894	+0.046	identical
1MJI	34	0	3.743	3.694	+0.049	identical
1UUD	29	0	2.579	2.529	+0.050	neutral
2LAC	17	0	0.971	0.918	+0.053	neutral
2N3R	62	0	4.795	4.735	+0.060	neutral
2KPV	34	0	1.461	1.401	+0.060	neutral
3IWN	94	4	3.268	3.203	+0.065	neutral
2LC8	56	14	5.894	5.827	+0.067	neutral
2PXE	49	0	2.667	2.592	+0.075	neutral
1L9A	126	0	4.317	4.233	+0.084	neutral
1S03	47	0	2.587	2.502	+0.085	neutral
1HJI	15	0	0.805	0.707	+0.098	neutral
2FMT	77	2	3.078	2.978	+0.100	neutral
2MFC	22	0	2.515	2.414	+0.101	neutral
1QFQ	15	0	0.812	0.708	+0.104	neutral
3MUV	92	2	3.627	3.516	+0.111	neutral
2N3Q	62	0	5.486	5.371	+0.115	neutral
1ULL	35	0	2.556	2.423	+0.133	neutral
3D2V	77	0	4.215	4.074	+0.141	neutral
2KX5	29	0	3.652	3.510	+0.142	neutral
1FYO	27	0	1.330	1.173	+0.157	neutral
3MUT	93	4	22.594	22.437	+0.157	neutral
2R8S	159	0	4.104	3.922	+0.182	neutral
1S9S	101	0	8.877	8.584	+0.293	neutral
2L1F	66	0	9.762	9.433	+0.329	neutral
1Y39	58	0	5.645	5.238	+0.407	neutral
3CUL	92	0	4.637	4.209	+0.428	neutral
2NCI	28	0	1.995	1.469	+0.526	templates_hurt
1KOG	37	0	3.813	3.151	+0.662	templates_hurt
3CUN	92	0	5.919	5.128	+0.791	templates_hurt
1U6P	101	0	11.634	10.719	+0.915	templates_hurt
2LKR	111	0	22.021	21.007	+1.014	templates_hurt
3G8T	141	16	11.025	9.258	+1.767	templates_hurt
3ID5	33	0	14.440	12.432	+2.008	templates_hurt
1NBS	150	0	25.336	23.021	+2.315	templates_hurt
2N7M	92	0	18.557	15.175	+3.382	templates_hurt
