RNA	length	pk_chars	rmsd_best
157D	0	0	8.834
17RA	21	0	0.666
1A1T	20	0	1.443
1A34	0	0	4.396
1A3M	0	0	10.934
1A4D	0	0	17.800
1A4T	15	0	0.378
1A51	41	0	2.158
1A60	44	6	6.056
1A9L	38	0	5.633
1A9N	24	0	5.940
1AFX	12	0	0.878
1AJL	0	0	5.604
1AJT	0	0	6.553
1AJU	30	0	2.680
1AKX	30	0	1.783
1ANR	29	0	4.028
1AQ3	16	0	2.207
1AQ4	16	0	2.194
1AQO	29	0	2.220
1ARJ	29	0	4.715
1ASY	75	2	3.755
1ASZ	75	2	3.382
1ATO	19	0	1.109
1ATV	17	0	0.574
1ATW	15	0	1.847
1AUD	30	0	8.104
1B23	74	2	2.882
1B36	38	0	4.162
1BAU	23	0	3.716
1BGZ	23	0	2.032
1BIV	28	0	2.543
1BJ2	21	0	3.755
1BN0	20	0	1.508
1BR3	28	0	17.775
1BVJ	23	0	0.551
1BZ2	17	0	1.199
1BZ3	17	0	0.954
1C04	58	0	0.792
1C0A	77	2	2.768
1C0O	14	0	0.396
1C2X	120	0	10.155
1C4L	0	0	6.026
1CQ5	43	0	2.579
1CQL	43	0	3.773
1CSL	0	0	11.345
1D0T	21	0	1.990
1D0U	21	0	1.593
1D4R	0	0	25.369
1D6K	37	0	3.049
1DDY	35	10	2.800
1DFU	0	0	17.562
1DQH	0	0	7.207
1DRZ	72	16	2.033
1DZ5	0	0	14.050
1E7K	17	0	8.963
1E8O	49	6	2.734
1E95	36	12	2.289
1EBR	30	0	0.986
1EC6	20	0	3.047
1EFW	73	2	2.479
1EGK	34	0	12.823
1EHT	34	0	3.628
1EI2	25	0	2.940
1EIY	76	2	4.216
1EKD	0	0	6.641
1EKZ	30	0	2.833
1ELH	0	0	9.930
1ESH	13	0	0.545
1ESY	19	0	1.549
1ETG	34	0	1.732
1EUQ	72	2	6.023
1EUY	73	2	5.243
1EXD	73	2	5.230
1EXY	33	0	2.898
1F1T	38	0	2.937
1F27	19	0	3.742
1F5G	0	0	8.449
1F5H	0	0	8.032
1F5U	18	0	0.838
1F6U	19	0	2.990
1F79	27	0	1.413
1F7F	27	0	1.720
1F7H	27	0	3.601
1F7I	27	0	1.383
1F7U	76	2	5.514
1F7V	73	2	4.117
1F84	29	0	2.090
1F85	14	0	0.577
1F9L	22	0	0.950
1FCW	76	2	1.417
1FEQ	17	0	2.156
1FEU	0	0	18.251
1FIR	76	2	1.743
1FJE	22	0	2.300
1FL8	17	0	2.480
1FMN	35	0	3.567
1FOQ	109	0	9.096
1FQZ	27	0	0.589
1FUF	0	0	9.884
1FYO	27	0	1.173
1FYP	27	0	1.734
1G1X	44	0	18.396
1G59	75	2	4.418
1G70	32	0	3.408
1GAX	75	2	4.204
1GID	158	0	2.251
1H38	0	0	14.497
1H3E	83	2	2.118
1H4S	67	2	2.228
1HC8	58	0	0.769
1HHW	0	0	0.871
1HJI	15	0	0.707
1HMH	34	0	11.397
1HR2	158	0	3.054
1HS1	13	0	0.281
1HS3	13	0	0.181
1HS4	13	0	0.152
1HS8	13	0	0.187
1HVU	30	8	4.487
1HWQ	30	0	1.576
1HYS	0	0	15.065
1I3X	19	0	0.602
1I3Y	19	0	1.044
1I46	13	0	0.430
1I4B	13	0	0.787
1I4C	13	0	5.498
1I6H	0	0	9.635
1I6U	37	0	1.473
1I9F	34	0	2.216
1I9V	74	2	1.631
1I9X	0	0	10.562
1IDV	10	0	0.814
1IE1	22	0	1.617
1IE2	22	0	1.619
1IK5	0	0	10.112
1IKD	22	0	0.832
1IL2	75	2	3.564
1J1U	74	2	1.469
1J2B	77	0	9.036
1J9H	0	0	5.842
1JBR	31	0	1.862
1JBS	29	0	2.029
1JBT	29	0	1.884
1JO7	31	0	1.847
1JOX	21	0	2.157
1JP0	21	0	1.650
1JTJ	23	0	3.417
1JU1	0	0	19.562
1JWC	16	0	2.822
1JZC	13	0	2.152
1K2G	22	0	1.331
1K4B	14	0	0.479
1K5I	23	0	1.049
1K6G	22	0	0.270
1K8S	0	0	8.926
1K8W	22	0	2.207
1K9W	23	0	3.949
1KAJ	32	8	7.679
1KD4	0	0	8.588
1KD5	0	0	9.799
1KH6	48	0	5.955
1KIS	16	0	3.569
1KKA	17	0	2.720
1KKS	24	0	1.688
1KOC	0	0	6.362
1KOD	0	0	8.098
1KOG	37	0	3.151
1KP7	30	0	0.872
1KPD	32	10	1.927
1KPY	28	6	1.964
1KPZ	28	6	1.817
1KXK	70	0	6.075
1L1C	29	0	1.655
1L1W	29	0	0.655
1L2X	27	6	0.636
1L8V	157	0	3.803
1L9A	126	0	4.233
1LDZ	30	0	3.097
1LMV	0	0	0.523
1LNG	97	0	1.777
1LPW	0	0	1.253
1LU3	17	0	0.689
1LUU	17	0	2.164
1LUX	17	0	1.797
1LVJ	31	0	2.136
1M5K	92	0	8.218
1M5L	38	0	2.429
1M5P	92	0	8.201
1M5V	92	0	8.212
1M82	25	0	0.979
1ME1	12	0	2.456
1MFK	23	0	1.266
1MFY	31	0	1.894
1MHK	0	0	12.080
1MIS	0	0	5.505
1MJI	34	0	3.694
1MNB	28	0	2.413
1MNX	42	0	2.342
1MSW	0	0	19.641
1MSY	27	0	0.728
1MT4	24	0	0.421
1MUV	0	0	6.978
1MWG	0	0	5.229
1N53	0	0	8.673
1N66	22	0	0.881
1N8X	36	0	1.127
1NA2	30	0	0.877
1NBK	34	0	1.446
1NBR	29	0	1.362
1NBS	150	0	23.021
1NC0	24	0	1.004
1NEM	23	0	1.982
1NTB	0	0	9.724
1NTT	0	0	0.335
1NUJ	0	0	3.429
1NYB	24	0	0.614
1NYI	24	0	7.754
1O15	34	0	2.343
1OB5	76	2	2.100
1OLN	58	0	5.257
1OO7	0	0	0.385
1OOA	29	0	3.983
1OQ0	15	0	1.630
1OW9	23	0	0.988
1P5M	55	0	3.367
1P5O	77	0	22.599
1P5P	77	0	22.459
1P6V	45	0	8.149
1PJY	22	0	0.897
1Q29	24	0	7.803
1Q75	15	0	0.895
1Q8N	38	0	4.104
1Q93	27	0	0.319
1Q96	27	0	0.279
1QBP	0	0	11.752
1QC8	25	0	1.853
1QD3	29	0	2.526
1QF6	76	2	4.007
1QFQ	15	0	0.708
1QLN	0	0	13.474
1QU2	75	2	2.769
1QU3	75	2	2.733
1QWA	21	0	1.125
1QWB	26	0	3.541
1QZW	47	0	3.216
1R2P	34	0	2.914
1R3E	17	0	2.048
1R4H	10	0	0.552
1R7W	34	0	2.408
1R7Z	34	0	1.971
1RAW	37	0	5.012
1RFR	30	0	1.246
1RHT	24	0	2.823
1RKJ	21	0	4.769
1RLG	25	0	0.665
1RMN	49	0	10.780
1RNK	34	10	3.500
1ROQ	14	0	0.441
1RPU	0	0	18.112
1RY1	128	0	2.032
1S03	47	0	2.502
1S2F	23	0	0.851
1S34	23	0	1.506
1S76	0	0	19.725
1S77	0	0	19.558
1S9S	101	0	8.584
1SA9	0	0	5.982
1SCL	29	0	4.682
1SER	64	2	11.578
1SFO	0	0	10.498
1SJF	74	16	6.516
1SLP	19	0	1.030
1SYZ	24	0	2.363
1SZ1	76	2	2.397
1T0K	0	0	10.220
1T28	34	0	3.548
1T4L	32	0	4.905
1TBK	17	0	1.443
1TFN	24	0	1.404
1TFW	0	0	9.176
1TFY	0	0	11.592
1TJZ	22	0	1.339
1TLR	23	0	1.845
1TOB	27	0	2.009
1TUT	0	0	10.119
1TXS	38	0	2.164
1U0B	74	0	5.191
1U1Y	17	0	3.580
1U2A	20	0	1.146
1U63	49	0	2.764
1U6B	197	12	6.339
1U6P	101	0	10.719
1U9S	155	0	14.730
1ULL	35	0	2.423
1UN6	61	0	1.427
1UON	0	0	1.837
1URN	21	0	2.303
1UTS	29	0	4.436
1UUD	29	0	2.529
1UUU	19	0	0.917
1VBZ	73	16	6.294
1VC5	70	16	2.351
1VFG	34	0	1.626
1VOP	13	0	0.409
1WKS	17	0	0.406
1WNE	0	0	4.404
1WSU	22	0	1.278
1WTT	14	0	1.580
1WVD	0	0	19.303
1WZ2	88	2	4.126
1XJR	47	0	12.072
1XOK	27	0	9.604
1XPE	23	0	3.723
1XPF	23	0	2.985
1XSG	27	0	0.747
1XSH	27	0	1.108
1XSU	27	0	0.557
1XV0	0	0	8.301
1XWP	15	0	0.580
1Y1W	0	0	13.651
1Y27	66	6	0.887
1Y39	58	0	5.238
1Y3O	23	0	3.439
1Y99	0	0	19.368
1YFG	75	2	3.515
1YG3	28	6	2.028
1YG4	28	6	1.768
1YKV	38	0	11.945
1YLG	31	0	1.841
1YMO	47	12	4.331
1YN1	17	0	1.013
1YN2	17	0	0.606
1YNC	31	0	1.529
1YNE	31	0	3.263
1YRJ	0	0	18.810
1YSH	101	0	9.612
1Z2J	45	0	1.571
1Z30	18	0	0.341
1Z31	32	0	0.800
1Z43	101	0	1.509
1Z7F	0	0	14.086
1ZBH	16	0	0.804
1ZBN	28	0	2.995
1ZC5	41	0	0.719
1ZFV	0	0	17.089
1ZFX	0	0	17.023
1ZH5	0	0	3.573
1ZHO	38	0	2.830
1ZJW	74	2	5.351
1ZO3	76	2	1.273
1ZX7	0	0	10.819
1ZZN	197	12	6.351
205D	0	0	9.781
280D	0	0	9.587
28SR	28	0	1.459
2A43	26	6	1.495
2A9L	38	0	5.132
2A9X	28	0	2.104
2AB4	20	0	2.001
2AHT	27	0	1.133
2AKE	72	0	3.610
2ANR	25	0	2.791
2AP0	28	6	1.536
2AP5	28	6	1.296
2AU4	42	0	6.002
2AZX	72	0	1.762
2B2D	9	0	2.549
2B3J	16	0	2.768
2B57	65	6	1.557
2B63	31	0	3.193
2B6G	19	0	0.941
2B7G	19	0	0.697
2B8R	23	0	3.751
2B8S	23	0	2.837
2BGG	0	0	2.071
2BH2	30	0	9.741
2BJ2	21	0	4.144
2BS0	12	0	1.401
2BTE	78	2	3.871
2BYT	78	2	3.348
2C50	14	0	2.839
2C51	15	0	1.741
2CD1	27	0	1.179
2CD6	27	0	0.888
2CSX	75	0	3.491
2CT8	74	2	3.200
2CV2	75	2	4.389
2CZJ	62	2	8.179
2D18	0	0	14.743
2D19	17	0	4.412
2D1A	0	0	29.849
2D1B	39	0	1.748
2D2K	0	0	17.085
2D6F	74	2	3.580
2DD1	0	0	8.420
2DD2	0	0	8.608
2DD3	0	0	8.255
2DER	74	2	2.584
2DET	70	2	2.296
2DEU	75	2	9.946
2DLC	69	2	14.637
2DR2	75	0	4.043
2DR5	32	0	1.965
2DR7	33	0	1.520
2DU3	71	2	2.929
2DU4	71	2	2.932
2DU5	71	2	2.831
2DU6	71	2	2.790
2DVI	34	0	2.016
2E2I	0	0	27.397
2E2J	28	0	20.826
2E9Z	0	0	3.446
2EES	68	8	1.322
2EET	68	8	1.098
2EEU	68	8	1.349
2EEV	68	8	1.077
2EEW	68	8	1.159
2ES5	23	0	1.192
2ET8	0	0	19.111
2EUY	34	0	5.246
2EVY	14	0	0.765
2F4S	0	0	19.230
2F4T	0	0	19.640
2F4X	24	0	3.439
2F87	12	0	0.340
2F88	34	0	1.730
2F8K	15	0	3.000
2F8S	0	0	18.779
2FDT	36	0	1.000
2FEY	43	0	2.138
2FK6	53	2	2.721
2FMT	77	2	2.978
2FY1	21	0	2.136
2G1G	17	0	2.304
2G1W	22	6	3.471
2G91	0	0	7.345
2GDI	78	0	2.465
2GIO	29	0	0.411
2GIP	28	0	0.492
2GIS	95	6	2.852
2GJW	0	0	13.842
2GM0	0	0	31.488
2GO5	127	0	1.916
2GRW	22	0	1.061
2GUN	0	0	0.506
2GV3	22	0	2.164
2GV4	22	0	0.861
2GVO	18	0	0.814
2H1M	0	0	14.040
2H49	0	0	6.989
2HEM	24	0	0.901
2HGH	55	0	2.719
2HNS	22	0	0.626
2HO7	123	16	6.361
2HOJ	79	0	3.009
2HOK	78	0	7.461
2HOL	79	0	2.945
2HOM	80	0	19.040
2HOO	83	0	3.342
2HOP	76	0	7.256
2HUA	40	0	2.537
2HVY	57	0	10.609
2HW8	36	0	3.044
2I7E	43	0	2.462
2I7Z	43	0	3.255
2I91	0	0	9.453
2IHX	75	0	11.575
2IL9	135	6	36.744
2IRN	0	0	6.809
2IRO	0	0	6.970
2IXY	27	0	1.031
2IY5	76	2	4.049
2IZ8	16	0	2.114
2IZM	13	0	1.298
2IZN	15	0	2.481
2JA6	0	0	15.179
2JA7	0	0	15.177
2JA8	0	0	15.335
2JLT	18	0	3.645
2JPP	20	0	2.768
2JQ7	58	0	5.192
2JR4	17	0	0.536
2JSE	22	0	1.272
2JTP	34	0	1.916
2JUK	22	0	1.143
2JWV	29	0	0.807
2JXS	0	0	7.496
2JXV	33	0	1.027
2JYH	43	0	4.039
2JYM	22	0	0.603
2K3Z	0	0	5.217
2K41	0	0	5.016
2K4C	76	2	2.968
2K5Z	29	0	1.267
2K63	29	0	2.817
2K7E	0	0	10.190
2K95	48	12	2.764
2K96	47	12	2.336
2KDQ	29	0	3.835
2KE6	48	0	3.811
2KF0	24	0	1.219
2KGP	25	0	1.663
2KHY	38	0	4.395
2KMJ	28	0	2.218
2KP3	0	0	7.726
2KP4	0	0	7.756
2KPC	17	0	0.735
2KPD	17	0	0.829
2KPV	34	0	1.401
2KRL	102	8	19.324
2KRP	17	0	0.980
2KRQ	17	0	0.963
2KRZ	17	0	1.231
2KTZ	38	0	2.908
2KU0	38	0	3.091
2KUR	48	0	3.957
2KUU	48	0	3.807
2KUV	48	0	4.106
2KUW	48	0	1.643
2KVN	17	0	0.685
2KX5	29	0	3.510
2KX8	42	0	1.330
2KXZ	0	0	9.050
2KY0	0	0	9.452
2KY1	0	0	8.952
2KY2	0	0	8.190
2KYE	15	0	1.868
2KZL	55	0	6.178
2L1F	66	0	9.433
2L1V	37	8	2.054
2L2K	42	0	0.958
2L3C	34	0	0.698
2L3E	35	0	1.517
2L3J	71	0	4.176
2L5Z	26	0	1.209
2L6I	16	0	0.629
2L8C	0	0	6.685
2L8F	0	0	7.282
2L8H	29	0	3.630
2L8U	0	0	6.396
2L8W	0	0	7.348
2L94	45	0	2.614
2LA5	36	0	1.338
2LAC	17	0	0.918
2LBJ	17	0	1.084
2LBK	17	0	0.613
2LBL	17	0	0.573
2LBQ	17	0	1.488
2LBR	17	0	1.194
2LBS	32	0	3.920
2LC8	56	14	5.827
2LDL	27	0	1.200
2LDT	31	0	2.267
2LDZ	30	0	2.403
2LHP	37	0	1.590
2LJJ	27	0	1.101
2LK3	24	0	0.570
2LKR	111	0	21.007
2LP9	16	0	0.442
2LPA	15	0	0.245
2LPS	34	0	1.430
2LPT	34	0	0.894
2LQZ	27	0	1.537
2LU0	49	0	4.438
2LUB	37	0	1.055
2LUN	28	0	1.611
2LUP	32	0	4.804
2LV0	24	0	1.015
2LWK	32	0	1.509
2LX1	0	0	9.632
2M12	23	0	2.220
2M1O	0	0	0.283
2M21	21	0	1.042
2M22	23	0	1.096
2M23	29	0	3.176
2M24	29	0	1.952
2M4Q	27	0	1.349
2M4W	17	0	0.514
2M57	35	0	2.953
2M58	59	6	16.611
2M5U	22	0	1.418
2M8K	48	10	2.322
2MEQ	19	0	0.833
2MER	19	0	1.307
2MF0	72	0	13.395
2MFC	22	0	2.414
2MFD	19	0	1.138
2MFE	22	0	2.976
2MFF	21	0	2.146
2MFG	21	0	1.894
2MHI	53	0	8.223
2MI0	22	0	3.760
2MIS	26	0	1.412
2MIY	60	12	7.328
2MN0	15	0	0.770
2MNC	16	0	1.178
2MQT	68	0	3.595
2MQV	68	0	11.384
2MS0	71	2	10.622
2MS1	71	2	9.827
2MS5	0	0	6.240
2MTJ	47	0	3.270
2MTK	47	0	2.723
2MXK	0	0	7.932
2MXL	39	0	3.966
2MXS	27	0	1.528
2N0J	27	0	1.328
2N0R	23	0	3.387
2N1Q	155	0	30.029
2N2O	23	0	2.622
2N2P	23	0	1.470
2N3O	23	0	1.910
2N3Q	62	0	5.371
2N3R	62	0	4.735
2N4L	53	0	1.923
2N6Q	31	10	2.075
2N6S	36	0	1.059
2N6T	42	0	1.824
2N6W	68	0	5.082
2N6X	43	0	3.830
2N7M	92	0	15.175
2N7X	23	0	1.056
2N82	23	0	3.478
2N8V	70	10	6.611
2NBX	108	0	9.972
2NBY	39	0	1.426
2NBZ	40	0	1.608
2NC1	67	0	11.410
2NCI	28	0	1.469
2NOK	0	0	15.076
2NOQ	190	30	8.947
2NPY	0	0	17.132
2NPZ	0	0	16.713
2NQP	68	0	4.994
2NR0	80	2	3.376
2NRE	56	0	14.201
2NUE	46	0	1.375
2NUG	0	0	7.477
2NVT	0	0	19.391
2NZ4	141	18	11.747
2O32	20	0	1.509
2O33	20	0	0.626
2O3V	0	0	19.184
2O3W	0	0	18.881
2O3X	0	0	19.279
2O3Y	0	0	18.883
2O5I	0	0	16.501
2O5J	0	0	16.528
2O81	0	0	7.813
2O83	0	0	7.610
2OE8	0	0	13.601
2OEU	42	0	15.834
2OIJ	0	0	19.574
2OIU	71	0	8.747
2OJ8	8	0	0.796
2OM7	96	0	3.826
2OOM	16	0	3.824
2OUE	0	0	17.075
2OZB	33	0	2.595
2P7D	0	0	17.110
2P89	34	0	9.768
2PCV	35	0	10.034
2PCW	35	0	11.307
2PJP	23	0	1.653
2PLY	23	0	1.640
2PN4	0	0	16.373
2PN9	16	0	3.513
2PWT	0	0	18.723
2PXE	49	0	2.592
2PXL	47	0	2.177
2PXQ	49	0	2.444
2PXT	49	0	2.613
2PXV	49	0	2.430
2QBZ	153	2	21.108
2QEK	0	0	19.394
2QH2	24	0	1.156
2QH3	23	0	2.081
2QH4	18	0	0.826
2QKK	0	0	1.438
2QUS	69	2	1.824
2QUW	57	2	11.304
2QUX	25	0	3.546
2QWY	53	14	4.518
2R20	0	0	11.408
2R22	0	0	11.260
2R7Z	0	0	13.575
2R8S	159	0	3.922
2R92	0	0	7.735
2R93	14	0	1.912
2RD2	74	2	5.343
2RFK	0	0	18.118
2RLU	19	0	0.628
2RN1	16	0	2.973
2RO2	23	0	0.483
2RP0	27	6	1.747
2RP1	27	6	1.847
2RPK	20	0	0.511
2RRC	22	0	1.095
2RVO	34	0	1.533
2TOB	20	0	0.787
2TPK	36	10	1.752
2U2A	20	0	1.011
2V0G	76	2	3.527
2V3C	96	0	1.763
2VPL	48	0	3.460
2VUM	0	0	14.841
2W2H	22	0	2.459
2WW9	63	0	14.526
2WWA	63	0	14.517
2WWB	63	0	14.539
2XD0	36	6	4.916
2XDD	36	6	5.145
2XEB	0	0	13.048
2XKV	96	0	5.280
2XLK	15	0	1.476
2XXA	102	0	32.666
2Y8W	20	0	5.072
2Y8Y	19	0	5.412
2Y95	14	0	0.732
2Y9B	68	0	25.274
2Y9C	68	0	24.700
2Y9D	68	0	25.217
2Y9H	18	0	1.869
2YDH	95	6	2.939
2YGH	94	6	1.592
2YIE	57	0	13.885
2ZH2	34	0	2.246
2ZH3	34	0	1.515
2ZH4	34	0	2.693
2ZH5	34	0	1.214
2ZH8	34	0	1.989
2ZHA	33	0	1.436
2ZHB	34	0	1.787
2ZI0	0	0	18.925
2ZKO	0	0	17.242
2ZM5	74	2	3.206
2ZNI	72	0	4.189
2ZUE	75	2	4.955
2ZUF	76	2	4.970
2ZXU	74	2	3.213
2ZY6	38	0	4.234
2ZZM	84	2	3.147
2ZZN	71	2	3.221
300D	25	0	6.876
353D	0	0	8.908
357D	0	0	24.360
359D	25	0	7.118
361D	20	0	2.126
387D	26	0	15.915
397D	0	0	9.576
3A2K	77	2	2.604
3A3A	86	2	2.156
3A6P	0	0	20.398
3ADB	92	2	3.045
3ADC	92	2	4.256
3ADD	88	2	2.543
3AGV	24	0	2.270
3AKZ	74	2	4.552
3AL0	74	2	4.649
3AM1	81	2	2.116
3AMT	78	2	3.027
3AMU	78	2	3.122
3AVU	0	0	5.286
3AVV	0	0	3.886
3AVW	13	0	6.905
3AVX	0	0	6.349
3B0V	73	2	2.245
3B31	29	0	2.695
3B4A	122	16	8.280
3B4B	123	16	9.233
3B58	0	0	11.048
3B5A	0	0	11.066
3BBM	0	0	11.056
3BBV	76	0	3.606
3BNL	0	0	19.527
3BNN	0	0	19.981
3BNO	0	0	19.891
3BNP	0	0	20.201
3BNQ	0	0	18.772
3BO0	32	0	6.693
3BO2	197	12	6.376
3BO3	197	12	6.385
3BT7	19	0	2.825
3C44	0	0	18.688
3CGR	0	0	9.536
3CJZ	0	0	9.891
3CQS	0	0	10.854
3CR1	0	0	11.022
3CUL	92	0	4.209
3CUN	92	0	5.128
3CW6	77	2	2.361
3CZ3	0	0	17.666
3D0U	161	12	1.586
3D0X	161	12	1.558
3D2V	77	0	4.074
3D2X	77	0	4.112
3DD2	25	0	6.026
3DEG	77	2	2.847
3DH3	22	0	3.050
3DIG	174	12	1.603
3DIO	174	12	1.503
3DIQ	173	12	1.468
3DIZ	174	12	1.542
3DKN	32	0	7.019
3DS7	68	8	3.491
3DVV	0	0	18.442
3DW6	26	0	1.691
3E3J	0	0	20.328
3E5C	52	0	1.195
3E5F	54	0	3.967
3EGZ	65	0	3.858
3EPH	69	2	2.804
3EPJ	69	2	2.773
3EPK	69	2	2.817
3EPL	69	0	2.850
3F2W	109	8	1.278
3F2X	107	8	1.289
3F30	109	8	1.152
3FOZ	74	2	3.091
3FS0	0	0	7.569
3FTE	0	0	19.581
3FTF	0	0	19.166
3FTM	0	0	7.054
3FU2	33	8	4.237
3G4M	68	8	1.093
3G8S	141	10	8.652
3G8T	141	16	9.258
3G96	141	12	9.019
3G9C	141	18	7.879
3GCA	33	4	0.508
3GLP	0	0	5.935
3GTG	0	0	18.302
3GTJ	0	0	18.625
3GTL	0	0	18.263
3GTM	0	0	18.736
3GTP	0	0	18.342
3GTQ	0	0	2.697
3GX5	95	6	2.882
3H3V	0	0	14.896
3H5Y	0	0	6.589
3HAX	58	0	10.187
3HAY	68	0	10.395
3HHN	137	22	2.426
3HJF	0	0	9.755
3HJY	0	0	19.062
3HK2	0	0	9.866
3HL2	82	2	9.936
3HOU	0	0	13.653
3HOV	0	0	11.582
3HOW	0	0	14.532
3HOX	0	0	15.180
3HOY	0	0	15.104
3HOZ	0	0	14.111
3HTX	0	0	20.392
3HVR	0	0	9.978
3IAB	46	0	10.957
3ICQ	62	0	3.047
3ID5	33	0	12.432
3IIN	197	12	6.440
3IQN	95	6	2.778
3IRW	92	2	20.694
3IVK	128	22	2.357
3IVN	69	8	2.175
3IWN	94	4	3.203
3IZD	151	0	16.566
3IZZ	118	0	21.858
3J0D	50	0	9.748
3J0L	112	0	21.474
3J0O	112	0	21.464
3J0P	112	0	21.469
3J0Q	112	0	21.474
3J45	108	2	3.946
3J46	109	2	5.068
3J5S	174	2	24.750
3J5Y	88	2	2.217
3JB9	111	0	40.505
3K0J	87	0	13.615
3KFU	73	2	2.843
3KTV	108	0	2.349
3KTW	96	0	12.989
3L0U	73	2	1.373
3L3C	141	12	8.790
3LA5	71	6	1.195
3LOA	0	0	12.579
3LWO	58	0	20.484
3LWR	58	0	20.282
3LWV	58	0	20.231
3M3Y	0	0	23.319
3M4O	0	0	23.059
3MEI	0	0	18.793
3MJA	29	0	2.544
3MOJ	69	0	6.033
3MQK	0	0	7.956
3MUM	93	4	21.924
3MUR	93	4	21.705
3MUT	93	4	22.437
3MUV	92	2	3.516
3MXH	93	4	21.397
3NDB	136	0	2.073
3NJ7	0	0	9.195
3NKB	64	4	3.135
3NL0	0	0	1.296
3NMU	34	0	18.413
3NPN	51	8	6.998
3NPQ	52	10	4.401
3NVI	24	0	3.646
3OIJ	14	0	3.242
3OIN	14	0	3.250
3OL8	0	0	14.048
3OLA	0	0	14.502
3OUY	35	0	2.816
3OV7	34	0	1.963
3OWI	87	0	3.106
3OWW	88	0	3.154
3OWZ	88	0	3.585
3OX0	88	0	3.150
3OXB	88	0	3.708
3OXD	88	0	3.986
3OXE	88	0	3.115
3OXM	88	0	3.143
3P22	40	0	2.582
3P49	169	0	3.172
3P59	0	0	9.680
3PDR	161	2	8.069
3PHP	23	0	0.927
3PLA	0	0	25.629
3PO2	0	0	16.561
3PO3	0	0	14.299
3Q3Z	77	16	18.926
3Q50	34	6	0.659
3Q51	32	4	0.802
3QRP	0	0	7.802
3QSY	77	0	7.727
3R1D	0	0	8.353
3R1H	130	12	4.493
3R2D	0	0	7.113
3R4F	66	0	2.259
3R9X	35	0	10.864
3RG5	86	2	1.396
3RKF	68	8	1.948
3RW6	62	0	12.607
3RZO	0	0	3.242
3S16	0	0	9.444
3S1N	0	0	3.265
3S1Q	0	0	8.969
3S2D	0	0	8.699
3S2H	0	0	8.638
3SD1	89	10	2.290
3SD3	89	10	2.483
3SIU	28	0	2.761
3SIV	0	0	12.621
3SJ2	0	0	16.638
3SKL	67	8	4.015
3SKT	67	8	4.070
3SKW	64	6	1.937
3SLM	66	6	1.480
3SLQ	66	6	1.606
3SN2	29	0	2.080
3SNP	29	0	5.208
3SSF	0	0	2.308
3SUH	101	8	8.644
3SUX	101	8	8.738
3SUY	101	8	8.876
3T4B	84	12	2.354
3TD0	0	0	18.380
3TD1	0	0	18.970
3TMI	0	0	9.224
3TRA	72	0	1.982
3TRZ	21	0	4.578
3TS0	23	0	3.500
3TS2	24	0	6.402
3TUP	74	2	2.061
3TZR	0	0	15.804
3UD3	92	2	21.857
3UMY	80	2	0.844
3UZS	20	0	2.990
3V11	76	2	2.395
3V7E	127	6	3.610
3VRS	52	8	1.703
3W1K	92	2	1.851
3W3S	98	2	1.668
3WBM	0	0	22.750
3WC1	73	0	3.520
3WC2	74	2	1.926
3WFR	75	2	3.231
3WFS	74	0	2.557
3WQY	75	2	3.061
3WQZ	75	2	3.299
3X1L	0	0	32.748
3ZD4	43	0	16.940
3ZGZ	79	2	10.854
3ZJT	82	2	6.641
3ZJU	80	2	3.290
3ZJV	85	2	3.368
3ZN8	88	0	22.289
3ZP8	43	0	17.100
402D	0	0	5.399
406D	0	0	15.310
420D	0	0	14.334
422D	0	0	7.338
437D	28	6	0.849
484D	27	0	1.805
488D	25	0	7.070
4A1A	154	4	35.359
4A1C	154	4	35.484
4A36	0	0	14.228
4A3B	0	0	10.766
4A3E	0	0	13.364
4A3F	0	0	16.099
4A3J	17	0	17.592
4A3L	0	0	14.960
4A4R	22	0	2.041
4A4S	22	0	1.146
4A4T	22	0	1.216
4A4U	22	0	1.321
4AL7	15	0	2.353
4ANG	14	0	3.212
4AOB	95	6	16.223
4AQ7	78	2	6.033
4ARC	71	2	4.585
4ARI	80	2	3.267
4ATO	34	6	4.432
4BBS	0	0	15.575
4BOC	0	0	20.416
4BWM	0	0	9.009
4BXX	0	0	12.766
4BY1	0	0	18.830
4BY7	0	0	19.847
4BYQ	87	4	1.776
4BYS	74	2	2.682
4BYX	76	0	3.802
4C4W	35	0	10.661
4C7O	48	0	4.161
4C8Y	13	0	4.683
4C8Z	13	0	4.184
4C9D	13	0	4.271
4CXG	135	0	6.222
4DB2	0	0	12.082
4E58	0	0	5.811
4EN5	52	8	1.728
4ERD	0	0	15.559
4ERJ	161	12	1.558
4EYA	0	0	8.691
4FEJ	68	8	1.761
4FEL	68	8	1.072
4FEN	68	8	1.816
4FEO	68	8	1.597
4FEP	68	8	3.257
4FRG	84	6	4.960
4FRN	102	14	3.255
4FWT	0	0	0.916
4FXD	0	0	4.663
4FY9	17	0	1.384
4GCW	55	2	3.365
4GMA	192	16	14.794
4GXY	162	4	19.467
4GZY	0	0	15.499
4GZZ	0	0	15.360
4HKQ	0	0	11.305
4IFD	30	0	34.993
4ILL	19	0	12.128
4IQX	0	0	0.886
4JF2	78	10	10.809
4JRC	57	2	1.681
4JXZ	71	2	7.495
4JYZ	71	2	6.030
4K27	55	0	2.053
4K31	0	0	17.856
4K32	0	0	18.870
4K4T	0	0	10.052
4K4U	0	0	10.084
4K4V	0	0	8.098
4K4W	0	0	9.683
4K4X	0	0	9.552
4K4Z	0	0	12.748
4KJI	16	0	3.355
4KQY	120	8	4.277
4KR2	69	2	2.706
4KR3	70	0	3.243
4KR6	39	0	5.445
4KR7	39	0	4.945
4KR9	39	0	4.828
4KTG	0	0	17.674
4KYY	0	0	15.405
4KZ2	0	0	18.543
4KZD	83	0	2.129
4KZE	84	0	2.565
4L81	97	8	4.380
4L8H	20	0	2.215
4LCK	102	2	3.373
4LGT	21	0	2.557
4LVV	89	10	2.304
4LVZ	90	10	2.483
4LX6	71	6	1.189
4M30	28	0	2.102
4M4O	59	2	4.733
4M6D	43	2	4.083
4MCE	0	0	8.010
4MCF	0	0	8.249
4MEG	121	14	8.042
4MGM	63	2	2.865
4MGN	86	2	15.138
4N0T	65	0	12.946
4NGF	0	0	15.124
4NYA	80	0	2.533
4NYG	77	0	7.392
4O26	47	0	4.948
4OO8	97	0	20.948
4OOG	34	0	3.098
4OQ9	0	0	2.762
4OQU	97	10	1.862
4P3E	124	0	2.341
4P3S	0	0	19.183
4P3T	0	0	17.902
4P3U	0	0	20.024
4P43	0	0	19.396
4P5J	84	10	2.492
4P8Z	188	16	3.301
4P95	189	18	13.170
4P97	0	0	9.242
4P9R	189	18	13.146
4PDB	38	0	3.771
4PDQ	0	0	18.539
4PHY	0	0	16.741
4PJO	49	0	20.087
4PKD	55	0	2.741
4PLX	76	10	2.827
4PMI	40	0	3.885
4PQU	0	0	14.592
4PQV	68	2	16.283
4PR6	72	16	1.853
4PRF	74	16	6.475
4PWD	0	0	18.908
4Q0B	0	0	16.675
4Q5S	0	0	14.086
4Q5V	0	0	11.736
4Q9Q	84	0	2.066
4Q9R	84	0	2.038
4QI2	19	0	1.742
4QIK	0	0	18.728
4QJH	48	4	8.714
4QK8	124	14	13.555
4QK9	119	14	21.672
4QLM	110	14	9.354
4QLN	119	14	14.119
4QOZ	26	0	9.640
4R4P	186	0	8.355
4R4V	186	0	6.063
4RDX	77	2	2.974
4RGF	56	10	2.408
4RMO	45	10	7.329
4RQE	84	2	2.185
4RQF	63	0	1.712
4RUM	92	0	7.258
4RZD	100	8	17.320
4S20	0	0	10.768
4TS0	0	0	28.486
4TUW	28	0	12.655
4TVX	60	0	40.766
4TZP	102	2	3.849
4TZV	102	2	3.324
4TZZ	102	2	4.145
4UN3	81	0	16.818
4UN4	81	0	17.453
4UN5	81	0	17.764
4UYJ	110	10	3.611
4UYK	134	10	3.266
4V1M	0	0	15.757
4V1N	0	0	43.710
4V2S	57	16	13.651
4W5Q	0	0	8.232
4W5T	0	0	14.843
4W90	103	0	16.556
4W92	97	0	16.379
4WC3	76	2	2.446
4WC6	75	2	2.123
4WCR	0	0	18.966
4WFL	105	10	11.958
4WFM	103	10	12.315
4WJ3	76	2	2.851
4WJ4	76	2	2.922
4WQS	0	0	20.402
4WRT	0	0	8.661
4WSA	0	0	10.598
4WSB	16	0	10.215
4X0A	73	2	2.001
4X0B	77	0	2.514
4X4N	34	2	11.307
4X4O	35	0	2.068
4X4P	36	0	3.004
4X4Q	36	0	2.112
4X4R	35	0	2.507
4X4U	31	0	6.019
4X4V	35	2	12.603
4X67	0	0	8.439
4XCO	96	0	1.679
4XLR	0	0	33.321
4XNR	72	8	1.446
4XW0	0	0	5.628
4XW7	64	0	4.003
4XWF	64	0	3.961
4Y1I	102	0	17.929
4Y1J	101	0	16.280
4Y1M	108	0	2.131
4YAZ	83	2	11.047
4YB0	85	2	16.757
4YCO	74	2	1.519
4YHW	0	0	17.378
4YLN	0	0	31.209
4YLO	0	0	35.574
4YLP	0	0	34.840
4YN6	0	0	15.061
4YVI	71	2	3.064
4YVJ	71	2	2.838
4YVK	71	2	2.829
4YYE	74	2	3.390
4Z31	15	0	1.244
4Z4E	0	0	12.008
4Z4F	0	0	11.005
4Z7L	14	0	4.413
4ZC7	0	0	19.125
4ZDP	74	2	4.459
4ZLD	17	0	2.271
4ZNP	73	10	3.581
4ZT9	72	0	12.739
5A18	32	0	4.948
5AH5	81	2	2.842
5AMQ	0	0	19.200
5AMR	0	0	19.146
5AOX	85	6	20.722
5AWH	0	0	6.200
5AXM	73	2	1.741
5AXN	66	2	2.152
5B2O	93	0	14.818
5B2R	81	0	16.352
5B2T	81	0	16.272
5B43	40	0	14.117
5B63	64	2	2.762
5BJO	35	0	1.834
5BJP	36	0	2.342
5BS3	0	0	20.581
5BTM	43	0	1.383
5BTP	62	10	3.527
5BWS	0	0	19.160
5C0X	0	0	31.893
5C44	0	0	20.889
5C4J	0	0	29.505
5C4X	0	0	30.907
5C9H	0	0	4.730
5CCB	77	0	6.525
5CCX	77	0	6.552
5CD1	76	0	6.048
5CD4	61	0	38.841
5CKI	44	4	13.807
5CKK	44	4	14.045
5CNR	0	0	7.533
5CZZ	72	0	13.083
5D5L	76	10	10.742
5D6G	74	0	4.858
5DAR	74	0	4.942
5DCV	47	0	4.793
5DDO	58	0	3.137
5DDP	61	2	3.597
5DDQ	61	2	3.527
5DE5	35	0	1.900
5DH7	48	0	8.489
5DUN	53	10	1.575
5E08	12	0	3.033
5E54	68	6	2.555
5E6M	73	2	3.693
5EPI	12	0	4.749
5EW4	0	0	14.604
5EW7	0	0	14.260
5F0Q	0	0	5.589
5F0S	0	0	5.547
5F5F	20	0	1.526
5F5H	21	0	1.781
5F8G	0	0	7.266
5F8L	0	0	9.667
5F9R	116	0	19.777
5FJ4	35	0	6.753
5FJ8	0	0	15.620
5FK1	95	6	6.040
5FK2	95	6	3.305
5FK3	95	6	12.250
5FK4	94	6	2.788
5FK5	95	6	2.833
5FK6	95	6	2.877
5FKD	95	6	2.920
5FKE	95	6	2.884
5FKF	95	6	2.906
5FKG	95	6	7.628
5FKH	95	6	3.163
5FLM	0	0	28.029
5FMZ	12	0	4.360
5FW1	81	0	16.834
5FW3	81	0	16.838
5G4T	0	0	6.135
5G4U	0	0	11.900
5G4V	0	0	11.682
5GAM	141	0	13.532
5GAN	141	0	13.835
5GAO	57	0	19.738
5GAP	67	0	20.689
5GIN	0	0	25.645
5GIP	0	0	29.455
5GM6	117	0	26.953
5GMK	127	0	54.566
5H0R	0	0	22.281
5HC9	76	2	3.786
5HR6	68	2	2.942
5HR7	70	2	2.939
5HSW	18	0	1.303
5ID6	21	0	7.603
5IEM	57	0	4.146
5J0M	29	0	4.023
5J1O	29	0	3.240
5J2W	29	0	4.330
5JBG	23	0	2.775
5KH8	47	8	5.670
5KK5	39	0	21.320
5KMZ	31	10	1.440
5KPY	71	4	5.275
5KQE	36	0	1.823
5KTJ	50	12	8.560
5L1Z	21	0	3.590
5L4O	76	2	2.115
5LJ3	171	0	47.060
5LJ5	171	0	45.599
5LM7	29	0	22.189
5LQW	141	0	14.374
5LSN	29	0	0.867
5LWJ	35	4	8.369
5LYS	57	0	3.594
5LYU	57	0	3.879
5M0H	42	0	0.978
5M0I	28	0	8.510
5M0J	28	0	8.376
5M3F	0	0	22.868
5M5X	0	0	27.283
5M73	145	0	4.214
5MGA	40	0	19.669
5ML7	95	2	22.610
5MPS	141	0	14.259
5MQF	140	0	45.656
5MS0	0	0	27.944
5MSF	18	0	2.617
5MSG	0	0	10.531
5N5C	19	0	2.023
5NDH	16	0	2.240
5NEF	18	0	1.696
5NG6	24	0	9.366
5NRL	170	0	19.999
5NZ6	39	6	15.375
